statecd	districtID	Party	Party	White	Latino	Black	Asian	Native American	Multiracial	bernieAttendance
AL1	0	 R	1	0.6584	0.028	0.2752	0.0132	0.0112	0.0127	239
AL2	1	 R	1	0.6404	0.036	0.2932	0.0109	0.0045	0.0137	28
AL3	2	 R	1	0.6955	0.0263	0.25	0.0113	0.0031	0.0125	44
AL4	3	 R	1	0.8489	0.057	0.0676	0.0044	0.0077	0.0135	27
AL5	4	 R	1	0.7412	0.0477	0.1683	0.0155	0.0069	0.0187	123
AL6	5	 R	1	0.7867	0.0488	0.1348	0.0158	0.0027	0.01	54
AL7	6	 D	0	0.3218	0.028	0.6335	0.0064	0.0019	0.0075	148
AK0	7	 R	1	0.6411	0.0553	0.0309	0.0527	0.1444	0.0639	166
AZ1	8	 D	0	0.509	0.2082	0.0207	0.0135	0.2282	0.0171	77
AZ2	9	 D	0	0.6438	0.2584	0.0364	0.0272	0.0091	0.0216	358
AZ3	10	 D	0	0.2909	0.606	0.0385	0.0171	0.0316	0.0133	77
AZ4	11	 R	1	0.7584	0.1791	0.0156	0.0105	0.0178	0.0164	173
AZ5	12	 R	1	0.7303	0.1674	0.0287	0.0419	0.0085	0.02	101
AZ6	13	 R	1	0.7532	0.152	0.0238	0.0351	0.0157	0.0176	210
AZ7	14	 D	0	0.2097	0.6435	0.0864	0.0231	0.0196	0.0147	59
AZ8	15	 R	1	0.7171	0.1848	0.0381	0.0311	0.007	0.0192	54
AZ9	16	 D	0	0.5911	0.269	0.0484	0.0406	0.0248	0.0216	322
AR1	17	 R	1	0.77	0.0279	0.1807	0.005	0.0039	0.0119	64
AR2	18	 R	1	0.7034	0.0481	0.213	0.0139	0.0043	0.0158	100
AR3	19	 R	1	0.7812	0.1274	0.0257	0.0238	0.0132	0.0212	212
AR4	20	 R	1	0.7269	0.0519	0.1938	0.0062	0.0064	0.0139	23
CA1	21	 R	1	0.7908	0.1199	0.0129	0.0234	0.0188	0.0308	444
CA2	22	 D	0	0.728	0.1664	0.0158	0.0337	0.021	0.0304	657
CA3	23	 D	0	0.5086	0.2778	0.0588	0.0991	0.0087	0.04	125
CA4	24	 R	1	0.7821	0.1236	0.0118	0.0396	0.0105	0.0288	197
CA5	25	 D	0	0.5275	0.2569	0.0643	0.1052	0.0063	0.033	489
CA6	26	 D	0	0.3887	0.2695	0.1257	0.1496	0.006	0.0458	262
CA7	27	 D	0	0.5716	0.1612	0.0734	0.1363	0.0051	0.0431	165
CA8	28	 R	1	0.5019	0.3534	0.075	0.0283	0.0098	0.0264	126
CA9	29	 D	0	0.3689	0.3716	0.0825	0.1327	0.0046	0.0335	81
CA10	30	 R	1	0.4638	0.4008	0.0325	0.0602	0.0053	0.0295	150
CA11	31	 D	0	0.4862	0.2556	0.0887	0.1241	0.0025	0.0355	420
CA12	32	 D	0	0.4399	0.1468	0.0587	0.3123	0.0023	0.0328	889
CA13	33	 D	0	0.3421	0.2084	0.1916	0.2066	0.0029	0.0403	828
CA14	34	 D	0	0.3694	0.2427	0.0323	0.3033	0.0016	0.0333	147
CA15	35	 D	0	0.3747	0.234	0.0651	0.2698	0.0027	0.0406	167
CA16	36	 D	0	0.251	0.5801	0.058	0.0847	0.006	0.0166	104
CA17	37	 D	0	0.2681	0.1746	0.0236	0.492	0.0019	0.0329	430
CA18	38	 D	0	0.5793	0.171	0.0188	0.1872	0.002	0.0357	328
CA19	39	 D	0	0.2697	0.4145	0.0283	0.2549	0.0027	0.0244	32
CA20	40	 D	0	0.392	0.5065	0.0198	0.05	0.0035	0.0232	329
CA21	41	 R	1	0.1932	0.7096	0.0444	0.0332	0.0053	0.0112	0
CA22	42	 R	1	0.4238	0.4475	0.028	0.0717	0.0058	0.0201	65
CA23	43	 R	1	0.5058	0.3553	0.0588	0.0433	0.009	0.0242	36
CA24	44	 D	0	0.5712	0.341	0.0177	0.0397	0.0046	0.022	643
CA25	45	 R	1	0.4583	0.3532	0.0801	0.0752	0.003	0.0263	177
CA26	46	 D	0	0.4612	0.4323	0.0164	0.0624	0.0029	0.0214	200
CA27	47	 D	0	0.2922	0.2688	0.0445	0.3689	0.0015	0.0214	505
CA28	48	 D	0	0.5528	0.257	0.0232	0.1343	0.0015	0.0279	615
CA29	49	 D	0	0.1842	0.687	0.0364	0.0741	0.0019	0.0127	25
CA30	50	 D	0	0.5336	0.2701	0.042	0.1184	0.0017	0.0302	239
CA31	51	 R	1	0.2966	0.4944	0.1095	0.069	0.0031	0.0223	55
CA32	52	 D	0	0.1811	0.6262	0.0255	0.1499	0.002	0.0126	92
CA33	53	 D	0	0.6851	0.1121	0.0275	0.1334	0.0016	0.0359	676
CA34	54	 D	0	0.0924	0.6543	0.044	0.1938	0.0019	0.0106	462
CA35	55	 D	0	0.1592	0.6944	0.0666	0.0604	0.0024	0.0129	35
CA36	56	 D	0	0.4436	0.4664	0.036	0.0283	0.0072	0.0158	121
CA37	57	 D	0	0.2428	0.3858	0.2456	0.0917	0.0017	0.026	379
CA38	58	 D	0	0.1892	0.6122	0.0361	0.1419	0.0024	0.0139	0
CA39	59	 R	1	0.3414	0.326	0.0228	0.2832	0.0018	0.0213	81
CA40	60	 D	0	0.0536	0.8649	0.0507	0.0218	0.0014	0.0048	45
CA41	61	 D	0	0.2608	0.559	0.095	0.0551	0.0035	0.021	152
CA42	62	 R	1	0.4663	0.3619	0.0509	0.0848	0.004	0.0274	142
CA43	63	 D	0	0.1508	0.46	0.2358	0.121	0.0019	0.0216	40
CA44	64	 D	0	0.0717	0.6841	0.1676	0.053	0.0018	0.0113	7
CA45	65	 R	1	0.555	0.184	0.0144	0.2068	0.0017	0.034	205
CA46	66	 D	0	0.1843	0.6656	0.0173	0.1137	0.002	0.0119	56
CA47	67	 D	0	0.3406	0.3413	0.0726	0.2073	0.0028	0.0266	124
CA48	68	 R	1	0.5856	0.199	0.0094	0.1719	0.0021	0.0273	148
CA49	69	 R	1	0.6153	0.2578	0.0231	0.0639	0.0035	0.0293	119
CA50	70	 R	1	0.5864	0.2994	0.0233	0.0486	0.0097	0.0282	169
CA51	71	 D	0	0.1439	0.6845	0.0684	0.0771	0.0046	0.0161	113
CA52	72	 D	0	0.6205	0.1286	0.0291	0.1763	0.0028	0.0369	200
CA53	73	 D	0	0.4307	0.3176	0.0779	0.1262	0.0034	0.0364	871
CO1	74	 D	0	0.5673	0.2883	0.0836	0.0318	0.0057	0.0205	657
CO2	75	 D	0	0.8436	0.0983	0.0073	0.028	0.0037	0.0172	836
CO3	76	 R	1	0.72	0.2386	0.0068	0.0065	0.0129	0.0133	301
CO4	77	 R	1	0.7385	0.2113	0.0123	0.0165	0.005	0.0146	91
CO5	78	 R	1	0.7373	0.1431	0.0529	0.0237	0.0066	0.032	316
CO6	79	 R	1	0.6323	0.1972	0.0865	0.0505	0.0039	0.0263	234
CO7	80	 D	0	0.6615	0.269	0.0135	0.0316	0.0057	0.0165	96
CT1	81	 D	0	0.6518	0.1464	0.1369	0.044	0.0015	0.0165	246
CT2	82	 D	0	0.8417	0.0676	0.0362	0.0288	0.0041	0.0196	190
CT3	83	 D	0	0.6879	0.1269	0.1255	0.0382	0.0016	0.017	302
CT4	84	 D	0	0.6485	0.1737	0.1115	0.0461	0.001	0.0141	108
CT5	85	 D	0	0.7322	0.1556	0.0587	0.0305	0.0014	0.0161	291
DE0	86	 D	0	0.6534	0.0815	0.208	0.0315	0.0031	0.0204	179
FL1	87	 R	1	0.7508	0.0517	0.1364	0.0236	0.0072	0.0273	18
FL2	88	 R	1	0.6645	0.0516	0.2409	0.0178	0.0046	0.0188	208
FL3	89	 R	1	0.7389	0.077	0.1327	0.0281	0.0033	0.0177	0
FL4	90	 R	1	0.722	0.0748	0.1314	0.0434	0.0032	0.022	27
FL5	91	 D	0	0.3207	0.1184	0.5118	0.0221	0.0031	0.0193	455
FL6	92	 R	1	0.803	0.0683	0.0925	0.0171	0.0026	0.0144	159
FL7	93	 R	1	0.6759	0.1864	0.0809	0.0338	0.0023	0.0177	66
FL8	94	 R	1	0.7737	0.0894	0.0941	0.0189	0.0029	0.0185	240
FL9	95	 D	0	0.3947	0.4413	0.0986	0.0404	0.002	0.0173	37
FL10	96	 R	1	0.6645	0.1607	0.1103	0.0383	0.0026	0.0179	357
FL11	97	 R	1	0.8029	0.0875	0.0797	0.0121	0.0029	0.013	146
FL12	98	 R	1	0.798	0.1159	0.0405	0.0254	0.0023	0.0158	150
FL13	99	 R	1	0.8048	0.0861	0.0553	0.0321	0.0023	0.0164	60
FL14	100	 D	0	0.4224	0.2728	0.2555	0.0256	0.0024	0.0184	249
FL15	101	 R	1	0.6472	0.1726	0.1247	0.0322	0.0027	0.0179	119
FL16	102	 R	1	0.7962	0.1101	0.0635	0.0143	0.0018	0.0121	204
FL17	103	 R	1	0.7084	0.1755	0.0846	0.0133	0.0037	0.0127	54
FL18	104	 D	0	0.706	0.1412	0.1165	0.0179	0.0019	0.0137	195
FL19	105	 R	1	0.7227	0.1787	0.0701	0.0131	0.0019	0.0108	121
FL20	106	 D	0	0.2521	0.1912	0.5125	0.0191	0.0026	0.0175	254
FL21	107	 D	0	0.6281	0.2003	0.1151	0.0342	0.0011	0.0153	213
FL22	108	 D	0	0.6566	0.1963	0.1074	0.0206	0.0018	0.0133	211
FL23	109	 D	0	0.4754	0.3728	0.0993	0.032	0.0022	0.0141	247
FL24	110	 D	0	0.1147	0.3177	0.5311	0.0163	0.0015	0.0151	129
FL25	111	 R	1	0.2113	0.702	0.061	0.0168	0.001	0.0063	6
FL26	112	 D	0	0.1969	0.6881	0.087	0.0164	0.001	0.0084	151
FL27	113	 R	1	0.1786	0.7372	0.0611	0.0144	0.0006	0.0062	58
GA1	114	 R	1	0.6068	0.0575	0.2962	0.0155	0.0029	0.0184	86
GA2	115	 D	0	0.4179	0.0456	0.5092	0.0101	0.0024	0.0128	61
GA3	116	 R	1	0.6846	0.0504	0.2282	0.0163	0.0024	0.0159	0
GA4	117	 D	0	0.2738	0.0934	0.5668	0.0432	0.0019	0.0178	0
GA5	118	 D	0	0.2799	0.0789	0.5849	0.0361	0.0019	0.0161	364
GA6	119	 R	1	0.627	0.1335	0.1209	0.0943	0.0016	0.0183	48
GA7	120	 R	1	0.4991	0.1878	0.1745	0.115	0.0018	0.0184	30
GA8	121	 R	1	0.6187	0.0572	0.2939	0.0131	0.0024	0.013	40
GA9	122	 R	1	0.7943	0.1148	0.0651	0.0109	0.0024	0.0112	109
GA10	123	 R	1	0.6687	0.0471	0.2471	0.0199	0.0019	0.0134	96
GA11	124	 R	1	0.6891	0.1085	0.1517	0.0276	0.0022	0.017	83
GA12	125	 D	0	0.5706	0.0533	0.3409	0.0153	0.0023	0.0154	92
GA13	126	 D	0	0.3044	0.103	0.5448	0.0243	0.0022	0.0183	114
GA14	127	 R	1	0.789	0.1026	0.0821	0.0088	0.0023	0.0136	14
HI1	128	 D	0	0.1665	0.0692	0.0179	0.5067	0.0015	0.1619	135
HI2	129	 D	0	0.2884	0.1084	0.0114	0.2478	0.0027	0.2263	296
ID1	130	 R	1	0.8525	0.1004	0.0043	0.0102	0.0116	0.0187	191
ID2	131	 R	1	0.8269	0.1241	0.007	0.0134	0.0108	0.0154	238
IL1	132	 D	0	0.3536	0.0879	0.5264	0.0177	0.0014	0.0119	50
IL2	133	 D	0	0.296	0.1277	0.5528	0.0065	0.0015	0.0139	95
IL3	134	 D	0	0.6215	0.2868	0.0447	0.0354	0.001	0.0095	6
IL4	135	 D	0	0.2128	0.7107	0.0394	0.0264	0.0011	0.0078	300
IL5	136	 D	0	0.7031	0.187	0.0256	0.0649	0.0015	0.016	582
IL6	137	 R	1	0.7941	0.0875	0.0245	0.0777	0.0009	0.014	205
IL7	138	 D	0	0.2638	0.13	0.5313	0.0578	0.0014	0.0139	335
IL8	139	 D	0	0.5524	0.2651	0.0457	0.1188	0.0013	0.0152	36
IL9	140	 D	0	0.6581	0.1105	0.0873	0.1197	0.0014	0.0206	456
IL10	141	 D	0	0.6092	0.2143	0.0658	0.0907	0.0014	0.0161	200
IL11	142	 D	0	0.5477	0.2555	0.1107	0.0674	0.0012	0.0161	305
IL12	143	 D	0	0.7717	0.0291	0.1689	0.0098	0.0022	0.0168	163
IL13	144	 R	1	0.8112	0.0294	0.105	0.0321	0.0019	0.0188	507
IL14	145	 R	1	0.8071	0.1122	0.0263	0.0393	0.0013	0.0127	107
IL15	146	 R	1	0.9185	0.0228	0.0397	0.0052	0.0019	0.0112	12
IL16	147	 R	1	0.8563	0.0837	0.0322	0.0135	0.0015	0.0119	285
IL17	148	 D	0	0.7771	0.0811	0.1099	0.0101	0.002	0.0187	136
IL18	149	 R	1	0.9043	0.0234	0.0352	0.0213	0.0016	0.0131	163
IN1	150	 D	0	0.6385	0.138	0.1956	0.0116	0.002	0.0131	127
IN2	151	 R	1	0.8186	0.0826	0.0664	0.0108	0.003	0.0171	137
IN3	152	 R	1	0.852	0.054	0.059	0.0157	0.0025	0.0153	169
IN4	153	 R	1	0.8782	0.0525	0.0309	0.0221	0.002	0.013	54
IN5	154	 R	1	0.8282	0.0422	0.0815	0.0273	0.0018	0.0167	99
IN6	155	 R	1	0.9281	0.0233	0.0244	0.0088	0.0018	0.0123	62
IN7	156	 D	0	0.5699	0.099	0.285	0.0186	0.0023	0.0222	150
IN8	157	 R	1	0.9145	0.0205	0.0398	0.0084	0.0021	0.0134	183
IN9	158	 R	1	0.9101	0.0287	0.0254	0.0175	0.0022	0.0146	193
IA1	159	 D	0	0.9054	0.0328	0.0321	0.0108	0.0032	0.014	120
IA2	160	 D	0	0.8817	0.0479	0.033	0.0191	0.002	0.0152	291
IA3	161	 R	1	0.8592	0.0611	0.0372	0.0237	0.0023	0.0151	139
IA4	162	 R	1	0.9004	0.0572	0.0118	0.0155	0.0038	0.0104	89
KS1	163	 R	1	0.7929	0.1417	0.0277	0.0141	0.0044	0.0174	50
KS2	164	 R	1	0.8423	0.056	0.046	0.0122	0.0152	0.0268	106
KS3	165	 R	1	0.7362	0.1135	0.0871	0.0372	0.0035	0.0205	112
KS4	166	 R	1	0.7557	0.1096	0.0672	0.0304	0.0092	0.0263	161
KY1	167	 R	1	0.8833	0.0256	0.0685	0.0049	0.002	0.0142	72
KY2	168	 R	1	0.8864	0.0291	0.0533	0.0106	0.0024	0.0162	18
KY3	169	 D	0	0.7009	0.0444	0.2097	0.0214	0.002	0.0194	152
KY4	170	 R	1	0.9121	0.0288	0.0318	0.01	0.0018	0.0139	90
KY5	171	 R	1	0.9624	0.0108	0.0133	0.0031	0.0018	0.0082	17
KY6	172	 R	1	0.834	0.045	0.0839	0.0169	0.0019	0.0167	456
LA1	173	 R	1	0.7448	0.0757	0.1297	0.0195	0.013	0.0146	70
LA2	174	 D	0	0.2867	0.0574	0.615	0.0247	0.0028	0.0112	224
LA3	175	 R	1	0.6895	0.0305	0.2466	0.0129	0.0046	0.014	72
LA4	176	 R	1	0.5961	0.032	0.3382	0.0086	0.008	0.0151	0
LA5	177	 R	1	0.6069	0.0203	0.3508	0.0065	0.0042	0.0105	5
LA6	178	 R	1	0.6957	0.039	0.2288	0.0195	0.0045	0.011	73
ME1	179	 D	0	0.9397	0.0146	0.013	0.0138	0.0032	0.0147	475
ME2	180	 D	0	0.9488	0.0109	0.0098	0.0065	0.0092	0.0139	216
MD1	181	 R	1	0.8156	0.033	0.1139	0.0183	0.002	0.0157	45
MD2	182	 D	0	0.5496	0.0547	0.3187	0.0457	0.0033	0.0257	63
MD3	183	 D	0	0.6291	0.0772	0.2022	0.0639	0.0023	0.0226	202
MD4	184	 D	0	0.2718	0.1363	0.5382	0.0304	0.0023	0.0184	107
MD5	185	 D	0	0.4936	0.0723	0.3642	0.0379	0.0035	0.026	121
MD6	186	 D	0	0.636	0.1127	0.1235	0.0985	0.0018	0.0247	151
MD7	187	 D	0	0.3383	0.0314	0.5493	0.0574	0.0023	0.0192	193
MD8	188	 D	0	0.6386	0.1342	0.1137	0.0862	0.0016	0.022	313
MA1	189	 D	0	0.7597	0.1496	0.0553	0.0173	0.0016	0.015	230
MA2	190	 D	0	0.8087	0.0839	0.0384	0.0455	0.0017	0.0176	607
MA3	191	 D	0	0.7203	0.1624	0.0265	0.0677	0.0012	0.0154	84
MA4	192	 D	0	0.8684	0.0354	0.0219	0.0515	0.0011	0.0166	367
MA5	193	 D	0	0.7543	0.0732	0.0456	0.0909	0.001	0.0217	241
MA6	194	 D	0	0.8504	0.0718	0.0247	0.0357	0.0011	0.0129	271
MA7	195	 D	0	0.4337	0.1957	0.228	0.0939	0.002	0.0269	389
MA8	196	 D	0	0.772	0.0478	0.0756	0.0642	0.0016	0.0209	197
MA9	197	 D	0	0.8843	0.0429	0.0226	0.0109	0.0034	0.021	402
MI1	198	 R	1	0.9209	0.0141	0.0133	0.0054	0.0278	0.0178	333
MI2	199	 R	1	0.8112	0.084	0.0609	0.0195	0.0049	0.0185	101
MI3	200	 R	1	0.8036	0.0693	0.0867	0.0151	0.0038	0.0202	72
MI4	201	 R	1	0.9255	0.0267	0.0176	0.0088	0.0072	0.0135	112
MI5	202	 D	0	0.7453	0.0449	0.1757	0.0081	0.0045	0.0204	103
MI6	203	 R	1	0.8223	0.0526	0.0835	0.0131	0.0049	0.0222	247
MI7	204	 R	1	0.8905	0.0389	0.0407	0.0086	0.0033	0.017	26
MI8	205	 R	1	0.837	0.0454	0.0553	0.0375	0.0035	0.0201	232
MI9	206	 D	0	0.8195	0.0208	0.0999	0.0339	0.003	0.0215	160
MI10	207	 R	1	0.9127	0.029	0.0268	0.0137	0.0032	0.0139	122
MI11	208	 R	1	0.8219	0.0313	0.0503	0.0759	0.0023	0.0171	0
MI12	209	 D	0	0.7653	0.0507	0.1055	0.0467	0.0035	0.0265	503
MI13	210	 D	0	0.334	0.0665	0.5631	0.0106	0.0033	0.0208	367
MI14	211	 D	0	0.313	0.0439	0.5807	0.038	0.0023	0.0203	147
MN1	212	 D	0	0.8843	0.0552	0.023	0.0222	0.0024	0.0118	126
MN2	213	 R	1	0.8422	0.0536	0.0359	0.0419	0.0046	0.02	84
MN3	214	 R	1	0.8094	0.0381	0.0648	0.062	0.003	0.021	17
MN4	215	 D	0	0.7096	0.0629	0.0922	0.1026	0.0057	0.0254	257
MN5	216	 D	0	0.6499	0.0935	0.1533	0.0563	0.012	0.032	604
MN6	217	 R	1	0.9133	0.0231	0.0208	0.023	0.0038	0.0152	50
MN7	218	 D	0	0.9069	0.0381	0.0073	0.0076	0.0259	0.0133	9
MN8	219	 D	0	0.9288	0.0129	0.0087	0.0057	0.0262	0.017	133
MS1	220	 R	1	0.6886	0.0305	0.2623	0.0063	0.0019	0.0094	0
MS2	221	 D	0	0.3227	0.0184	0.6438	0.0049	0.0033	0.0063	0
MS3	222	 R	1	0.6063	0.0231	0.3431	0.0088	0.01	0.0077	121
MS4	223	 R	1	0.704	0.0377	0.2249	0.0143	0.0035	0.0142	3
MO1	224	 D	0	0.4268	0.0304	0.4926	0.0257	0.002	0.0206	366
MO2	225	 R	1	0.8873	0.0237	0.0333	0.039	0.0015	0.014	20
MO3	226	 R	1	0.9206	0.0212	0.0318	0.0085	0.0029	0.0138	241
MO4	227	 R	1	0.8826	0.0324	0.0451	0.0135	0.0048	0.0198	91
MO5	228	 D	0	0.6518	0.0834	0.2174	0.0157	0.0041	0.0238	489
MO6	229	 R	1	0.8974	0.0334	0.0375	0.0108	0.0034	0.0156	184
MO7	230	 R	1	0.8977	0.0432	0.0157	0.0108	0.0093	0.0208	270
MO8	231	 R	1	0.9154	0.0161	0.0446	0.0057	0.0041	0.0135	105
MT0	232	 R	1	0.8779	0.0289	0.0038	0.0062	0.0605	0.0215	276
NE1	233	 R	1	0.8499	0.0746	0.0245	0.0204	0.0114	0.0174	83
NE2	234	 R	1	0.7453	0.1017	0.1006	0.0252	0.0045	0.0203	148
NE3	235	 R	1	0.8683	0.0986	0.0078	0.0068	0.0084	0.0089	20
NV1	236	 D	0	0.3637	0.4277	0.0946	0.0761	0.0046	0.0253	119
NV2	237	 R	1	0.6938	0.2043	0.0173	0.0372	0.0187	0.0232	163
NV3	238	 R	1	0.6114	0.1566	0.0608	0.1207	0.0041	0.0373	301
NV4	239	 D	0	0.4967	0.2726	0.1355	0.0489	0.0075	0.0315	27
NH1	240	 D	0	0.9231	0.0278	0.0116	0.02	0.0018	0.0142	379
NH2	241	 D	0	0.9228	0.028	0.0091	0.0229	0.0023	0.0132	521
NJ1	242	 D	0	0.6569	0.1157	0.1627	0.0449	0.0015	0.0167	307
NJ2	243	 R	1	0.6766	0.1439	0.1229	0.0355	0.0029	0.0168	199
NJ3	244	 R	1	0.7781	0.0655	0.1022	0.0329	0.0012	0.0174	24
NJ4	245	 R	1	0.7899	0.0951	0.0633	0.0373	0.0009	0.0119	220
NJ5	246	 R	1	0.7403	0.1102	0.0423	0.0905	0.0013	0.0134	143
NJ6	247	 D	0	0.5199	0.1964	0.0937	0.1678	0.0014	0.0167	27
NJ7	248	 R	1	0.7568	0.1063	0.0392	0.0813	0.0006	0.0137	243
NJ8	249	 D	0	0.2782	0.5297	0.0887	0.079	0.0013	0.0139	109
NJ9	250	 D	0	0.4247	0.3393	0.0985	0.1193	0.0011	0.0134	19
NJ10	251	 D	0	0.2142	0.1767	0.5169	0.0641	0.0023	0.0187	91
NJ11	252	 R	1	0.775	0.0874	0.0341	0.0868	0.0007	0.014	127
NJ12	253	 D	0	0.5071	0.1564	0.1714	0.1432	0.0014	0.0174	209
NM1	254	 D	0	0.4199	0.4803	0.0233	0.0209	0.0361	0.0167	448
NM2	255	 R	1	0.4015	0.5182	0.0156	0.0071	0.0446	0.011	192
NM3	256	 D	0	0.3933	0.3905	0.0127	0.0104	0.1748	0.0158	429
NY1	257	 D	0	0.7792	0.1254	0.0448	0.0332	0.0024	0.013	63
NY2	258	 R	1	0.6606	0.2047	0.0893	0.0291	0.0015	0.0125	129
NY3	259	 D	0	0.7249	0.0973	0.0289	0.1301	0.0009	0.015	106
NY4	260	 D	0	0.6106	0.1795	0.1377	0.0546	0.0011	0.0127	52
NY5	261	 D	0	0.1215	0.1892	0.4978	0.1132	0.0059	0.0394	26
NY6	262	 D	0	0.3855	0.1815	0.0354	0.3725	0.0012	0.0191	29
NY7	263	 D	0	0.278	0.4312	0.0835	0.1827	0.002	0.0156	347
NY8	264	 D	0	0.2239	0.1802	0.5255	0.0452	0.0025	0.0173	116
NY9	265	 D	0	0.297	0.1127	0.5087	0.0577	0.002	0.0177	361
NY10	266	 D	0	0.6531	0.1216	0.0369	0.1651	0.0009	0.0188	335
NY11	267	 R	1	0.6422	0.1568	0.0688	0.1141	0.0013	0.0143	62
NY12	268	 D	0	0.6702	0.1333	0.0462	0.124	0.0011	0.0203	723
NY13	269	 D	0	0.1223	0.5512	0.2666	0.0392	0.0021	0.0141	215
NY14	270	 D	0	0.2493	0.4752	0.0945	0.1576	0.0018	0.0148	14
NY15	271	 D	0	0.0232	0.6528	0.2898	0.0171	0.0024	0.0091	0
NY16	272	 D	0	0.3932	0.2328	0.3039	0.0454	0.0021	0.0167	113
NY17	273	 D	0	0.6315	0.1949	0.0969	0.0584	0.0011	0.0143	111
NY18	274	 D	0	0.7179	0.1482	0.0836	0.0284	0.0019	0.0176	159
NY19	275	 R	1	0.8633	0.0631	0.0406	0.0135	0.002	0.0157	360
NY20	276	 D	0	0.7959	0.0525	0.0859	0.0363	0.0019	0.0221	428
NY21	277	 D	0	0.9159	0.0267	0.0264	0.0077	0.0087	0.0131	207
NY22	278	 R	1	0.8923	0.0313	0.0357	0.0213	0.0026	0.0158	134
NY23	279	 R	1	0.8999	0.0317	0.0261	0.0189	0.0056	0.0166	234
NY24	280	 D	0	0.8371	0.0366	0.0769	0.022	0.0058	0.0203	77
NY25	281	 D	0	0.7204	0.0744	0.1491	0.0331	0.0021	0.019	461
NY26	282	 D	0	0.7148	0.0542	0.1765	0.0299	0.005	0.0182	145
NY27	283	 R	1	0.927	0.0219	0.0228	0.0089	0.0071	0.0112	73
NC1	284	 D	0	0.3517	0.0799	0.5324	0.0134	0.0073	0.0136	83
NC2	285	 R	1	0.6675	0.1064	0.1612	0.0304	0.0097	0.022	39
NC3	286	 R	1	0.7139	0.0636	0.1836	0.012	0.0042	0.0202	114
NC4	287	 D	0	0.4858	0.1165	0.317	0.0505	0.004	0.0229	329
NC5	288	 R	1	0.7642	0.0822	0.1223	0.0143	0.0024	0.013	127
NC6	289	 R	1	0.7597	0.0567	0.1454	0.0188	0.0034	0.0143	193
NC7	290	 D	0	0.6937	0.0932	0.1725	0.0061	0.0193	0.0135	129
NC8	291	 R	1	0.6325	0.0836	0.1848	0.0111	0.0722	0.0143	10
NC9	292	 R	1	0.743	0.0759	0.1218	0.0378	0.0027	0.0161	145
NC10	293	 R	1	0.7969	0.0563	0.1143	0.0134	0.0028	0.0148	432
NC11	294	 R	1	0.8766	0.0542	0.0305	0.0102	0.0137	0.0133	205
NC12	295	 D	0	0.2906	0.1427	0.5005	0.0402	0.0038	0.0191	121
NC13	296	 R	1	0.7093	0.0796	0.1674	0.0235	0.0029	0.0153	129
ND0	297	 R	1	0.8891	0.02	0.0115	0.0102	0.0529	0.0154	186
OH1	298	 R	1	0.7075	0.0259	0.2198	0.0253	0.0015	0.0174	823
OH2	299	 R	1	0.869	0.0163	0.0827	0.012	0.0021	0.0163	108
OH3	300	 D	0	0.5556	0.0602	0.3187	0.0298	0.0023	0.0301	506
OH4	301	 R	1	0.8899	0.0317	0.0504	0.0073	0.0018	0.0175	40
OH5	302	 R	1	0.906	0.0437	0.0237	0.0119	0.0017	0.0119	131
OH6	303	 R	1	0.9509	0.0086	0.0215	0.0037	0.0019	0.0126	22
OH7	304	 R	1	0.9197	0.0179	0.0392	0.0055	0.0019	0.0146	0
OH8	305	 R	1	0.878	0.0289	0.0568	0.0155	0.0017	0.0173	0
OH9	306	 D	0	0.7104	0.0939	0.1557	0.0123	0.0024	0.0238	88
OH10	307	 R	1	0.7614	0.0223	0.1708	0.0194	0.0021	0.0219	136
OH11	308	 D	0	0.3804	0.0387	0.5362	0.0215	0.0018	0.0195	123
OH12	309	 R	1	0.8827	0.0186	0.0455	0.0312	0.0017	0.0186	74
OH13	310	 D	0	0.827	0.026	0.1136	0.0109	0.0018	0.0192	199
OH14	311	 R	1	0.9063	0.0225	0.0374	0.0191	0.001	0.0127	116
OH15	312	 R	1	0.9051	0.0183	0.0367	0.02	0.002	0.0165	108
OH16	313	 R	1	0.9306	0.0184	0.0177	0.0193	0.0012	0.0117	45
OK1	314	 R	1	0.6706	0.0983	0.0905	0.021	0.0655	0.0527	253
OK2	315	 R	1	0.6615	0.0429	0.0343	0.0051	0.1818	0.0733	103
OK3	316	 R	1	0.7659	0.084	0.0357	0.0121	0.0617	0.0382	40
OK4	317	 R	1	0.7329	0.0725	0.0652	0.0203	0.0583	0.0486	165
OK5	318	 R	1	0.6018	0.1448	0.137	0.027	0.0443	0.0432	85
OR1	319	 D	0	0.7409	0.137	0.0141	0.0659	0.0065	0.0304	660
OR2	320	 R	1	0.8179	0.1235	0.005	0.0093	0.019	0.0223	241
OR3	321	 D	0	0.7295	0.1073	0.0515	0.0622	0.0076	0.0349	941
OR4	322	 D	0	0.8602	0.0671	0.0064	0.0202	0.012	0.031	647
OR5	323	 D	0	0.7744	0.1525	0.0079	0.0244	0.0106	0.0248	466
PA1	324	 D	0	0.4176	0.1538	0.3422	0.0631	0.0019	0.019	217
PA2	325	 D	0	0.2858	0.0541	0.5893	0.0465	0.0026	0.0197	254
PA3	326	 R	1	0.9123	0.0188	0.0453	0.0077	0.0012	0.0137	58
PA4	327	 R	1	0.829	0.06	0.0734	0.0188	0.0015	0.0157	49
PA5	328	 R	1	0.9376	0.0155	0.0204	0.0151	0.0012	0.0093	201
PA6	329	 R	1	0.8589	0.0477	0.0405	0.0375	0.001	0.0131	193
PA7	330	 R	1	0.8703	0.0281	0.0477	0.04	0.0009	0.0118	76
PA8	331	 R	1	0.8674	0.0421	0.0333	0.0415	0.0012	0.013	93
PA9	332	 R	1	0.9364	0.0169	0.0281	0.0051	0.0012	0.0115	9
PA10	333	 R	1	0.9142	0.0338	0.0308	0.0075	0.0016	0.0111	59
PA11	334	 R	1	0.8817	0.0453	0.0452	0.0128	0.0011	0.0129	102
PA12	335	 R	1	0.9309	0.0112	0.0306	0.0146	0.0009	0.011	43
PA13	336	 D	0	0.6222	0.1023	0.1712	0.0816	0.0016	0.0175	94
PA14	337	 D	0	0.7157	0.0184	0.2147	0.0249	0.0015	0.0222	464
PA15	338	 R	1	0.7926	0.1301	0.0368	0.0248	0.0011	0.0131	223
PA16	339	 R	1	0.747	0.1616	0.0568	0.0175	0.0014	0.0144	165
PA17	340	 D	0	0.8484	0.0693	0.051	0.0152	0.0013	0.0131	130
PA18	341	 R	1	0.9366	0.0108	0.0234	0.0164	0.0008	0.0109	36
RI1	342	 D	0	0.7166	0.1446	0.0641	0.0292	0.0034	0.0275	169
RI2	343	 D	0	0.8105	0.1037	0.0339	0.0278	0.0042	0.0171	225
SC1	344	 R	1	0.7012	0.0651	0.1939	0.017	0.0032	0.0171	59
SC2	345	 R	1	0.6823	0.052	0.2279	0.0161	0.0035	0.0162	84
SC3	346	 R	1	0.7493	0.042	0.1859	0.0077	0.0021	0.0119	31
SC4	347	 R	1	0.6993	0.074	0.1885	0.0208	0.002	0.0136	118
SC5	348	 R	1	0.6611	0.0378	0.272	0.0096	0.0046	0.0135	20
SC6	349	 D	0	0.3546	0.0458	0.5738	0.009	0.0035	0.0119	62
SC7	350	 R	1	0.6361	0.04	0.2952	0.0081	0.0063	0.0129	55
SD0	351	 R	1	0.8469	0.0272	0.0122	0.0093	0.0853	0.0182	207
TN1	352	 R	1	0.9249	0.0323	0.0213	0.0063	0.0024	0.0118	132
TN2	353	 R	1	0.8731	0.0339	0.0608	0.0135	0.0025	0.0146	125
TN3	354	 R	1	0.8321	0.0316	0.1077	0.011	0.0027	0.0138	82
TN4	355	 R	1	0.8312	0.0541	0.0798	0.0149	0.003	0.0157	66
TN5	356	 D	0	0.6124	0.0899	0.2476	0.0272	0.0024	0.0183	187
TN6	357	 R	1	0.9009	0.0361	0.0399	0.0072	0.0028	0.012	41
TN7	358	 R	1	0.8244	0.0413	0.0967	0.0144	0.0031	0.0181	9
TN8	359	 R	1	0.7499	0.0266	0.1915	0.0166	0.0022	0.0121	6
TN9	360	 D	0	0.2594	0.0657	0.643	0.017	0.002	0.0113	123
TX1	361	 R	1	0.6437	0.1548	0.1758	0.0089	0.0036	0.0119	3
TX2	362	 R	1	0.5083	0.3081	0.0936	0.0703	0.0024	0.0144	196
TX3	363	 R	1	0.6244	0.1446	0.0829	0.1204	0.004	0.0214	106
TX4	364	 R	1	0.7384	0.1218	0.1062	0.0086	0.0076	0.016	39
TX5	365	 R	1	0.5722	0.2521	0.1391	0.018	0.0042	0.0131	13
TX6	366	 R	1	0.5433	0.2077	0.1782	0.0467	0.0038	0.0176	0
TX7	367	 R	1	0.4733	0.3008	0.1114	0.0931	0.0019	0.0164	58
TX8	368	 R	1	0.6837	0.1965	0.0813	0.0201	0.0037	0.013	154
TX9	369	 D	0	0.1151	0.3732	0.3848	0.1107	0.0015	0.0124	30
TX10	370	 R	1	0.5746	0.2632	0.0998	0.0428	0.0028	0.0148	11
TX11	371	 R	1	0.6097	0.3332	0.0347	0.007	0.0043	0.0096	13
TX12	372	 R	1	0.6644	0.2062	0.0767	0.0303	0.0049	0.0158	243
TX13	373	 R	1	0.6698	0.2414	0.0518	0.0163	0.0062	0.0132	50
TX14	374	 R	1	0.5329	0.2211	0.2013	0.0273	0.0034	0.0125	61
TX15	375	 D	0	0.1632	0.806	0.0147	0.0103	0.0012	0.0036	0
TX16	376	 D	0	0.1469	0.8013	0.0291	0.0107	0.0024	0.0076	73
TX17	377	 R	1	0.5766	0.2327	0.1325	0.0396	0.0028	0.0142	177
TX18	378	 D	0	0.1672	0.3872	0.3984	0.0328	0.0017	0.0098	64
TX19	379	 R	1	0.574	0.3392	0.0585	0.0123	0.0037	0.0108	57
TX20	380	 D	0	0.2301	0.6857	0.0438	0.0239	0.002	0.0114	35
TX21	381	 R	1	0.6484	0.2699	0.032	0.0296	0.003	0.0148	526
TX22	382	 R	1	0.4498	0.2457	0.1235	0.1586	0.0023	0.0175	165
TX23	383	 D	0	0.2555	0.693	0.0281	0.0113	0.0035	0.0072	0
TX24	384	 R	1	0.5343	0.2341	0.0984	0.1061	0.0037	0.0187	30
TX25	385	 R	1	0.7031	0.1735	0.0704	0.0265	0.004	0.0185	126
TX26	386	 R	1	0.6838	0.1728	0.0674	0.0497	0.0049	0.0191	247
TX27	387	 R	1	0.4276	0.495	0.0508	0.0136	0.0026	0.0088	81
TX28	388	 D	0	0.1776	0.7629	0.0409	0.0093	0.0014	0.0066	42
TX29	389	 D	0	0.1177	0.7634	0.0962	0.0152	0.0014	0.0048	50
TX30	390	 D	0	0.1728	0.3468	0.4482	0.0176	0.0027	0.0104	56
TX31	391	 R	1	0.5951	0.2252	0.1089	0.0391	0.0038	0.0233	106
TX32	392	 R	1	0.5327	0.2556	0.1199	0.0712	0.0034	0.0154	38
TX33	393	 D	0	0.1451	0.663	0.1599	0.0197	0.0027	0.008	80
TX34	394	 D	0	0.1515	0.8269	0.0114	0.0059	0.0011	0.0024	20
TX35	395	 D	0	0.2516	0.6282	0.0911	0.0134	0.0025	0.011	409
TX36	396	 R	1	0.6585	0.2118	0.0913	0.0208	0.0045	0.0117	0
UT1	397	 R	1	0.8288	0.1177	0.0095	0.0139	0.0089	0.0172	69
UT2	398	 R	1	0.7806	0.1471	0.0111	0.0216	0.0089	0.0169	426
UT3	399	 R	1	0.841	0.0963	0.0051	0.0172	0.0152	0.0181	85
UT4	400	 D	0	0.7651	0.1575	0.0119	0.0257	0.0063	0.0187	2
VT0	401	 D	0	0.9432	0.0147	0.0095	0.0126	0.0032	0.0156	1887
VA1	402	 R	1	0.6845	0.0842	0.1655	0.0326	0.0035	0.0268	78
VA2	403	 R	1	0.6306	0.0688	0.2134	0.0483	0.0034	0.0312	222
VA3	404	 D	0	0.3224	0.0509	0.5776	0.0182	0.0041	0.0241	90
VA4	405	 R	1	0.5953	0.0472	0.3123	0.0199	0.0031	0.0202	8
VA5	406	 R	1	0.7306	0.0316	0.2039	0.0151	0.0021	0.0151	220
VA6	407	 R	1	0.816	0.0426	0.1074	0.0141	0.0023	0.016	228
VA7	408	 R	1	0.7411	0.0506	0.1432	0.0407	0.0026	0.0193	65
VA8	409	 D	0	0.5359	0.1864	0.1356	0.1092	0.002	0.0269	313
VA9	410	 R	1	0.9064	0.0191	0.05	0.0112	0.0016	0.0108	239
VA10	411	 R	1	0.666	0.1174	0.0654	0.1191	0.0017	0.0275	115
VA11	412	 D	0	0.4999	0.1697	0.121	0.1713	0.0019	0.0321	305
WA1	413	 D	0	0.7758	0.0837	0.0113	0.0823	0.0109	0.0315	254
WA2	414	 D	0	0.7487	0.0947	0.0241	0.0757	0.0141	0.0366	750
WA3	415	 R	1	0.8323	0.0778	0.0138	0.03	0.0097	0.0308	321
WA4	416	 R	1	0.572	0.361	0.0091	0.0143	0.024	0.0175	144
WA5	417	 R	1	0.8571	0.0552	0.0145	0.0216	0.0173	0.0299	170
WA6	418	 D	0	0.786	0.0662	0.0362	0.0378	0.0207	0.045	572
WA7	419	 D	0	0.7259	0.073	0.0437	0.1024	0.0067	0.0414	1368
WA8	420	 R	1	0.7589	0.0968	0.0234	0.0693	0.0098	0.0349	270
WA9	421	 D	0	0.4968	0.1178	0.1088	0.2107	0.006	0.0451	356
WA10	422	 D	0	0.6988	0.0978	0.0566	0.0632	0.0127	0.0551	494
WV1	423	 R	1	0.9451	0.0106	0.0209	0.0082	0.0017	0.0126	240
WV2	424	 R	1	0.9137	0.0173	0.0429	0.0073	0.0021	0.0156	175
WV3	425	 D	0	0.9361	0.0081	0.0367	0.0044	0.0019	0.0122	351
WI1	426	 R	1	0.8246	0.089	0.0524	0.0154	0.0029	0.0146	66
WI2	427	 D	0	0.8409	0.0583	0.0442	0.0341	0.0033	0.0178	470
WI3	428	 D	0	0.9321	0.0211	0.0096	0.0198	0.0061	0.0105	325
WI4	429	 D	0	0.4431	0.1554	0.3389	0.0337	0.0055	0.0216	272
WI5	430	 R	1	0.8953	0.0501	0.0163	0.0225	0.0031	0.0117	168
WI6	431	 R	1	0.911	0.0381	0.0152	0.0206	0.0043	0.0101	18
WI7	432	 R	1	0.9293	0.0176	0.0058	0.0146	0.0197	0.0124	59
WI8	433	 R	1	0.8893	0.0432	0.0111	0.0194	0.0233	0.0129	182
WY0	434	 R	1	0.8585	0.0891	0.0077	0.0076	0.0209	0.0147	120