State,district,statecd,id,districtID,stateID,nytID,party,bernieBin
AL,1,AL1,4129,0,0,B001289,R,2
AL,1,AL1,4130,0,0,B001289,R,2
AL,1,AL1,4033,0,0,B001289,R,2
AL,1,AL1,4034,0,0,B001289,R,2
AL,1,AL1,4035,0,0,B001289,R,2
AL,2,AL2,4131,1,0,R000591,R,1
AL,2,AL2,4036,1,0,R000591,R,1
AL,2,AL2,4132,1,0,R000591,R,1
AL,2,AL2,4037,1,0,R000591,R,1
AL,2,AL2,3942,1,0,R000591,R,1
AL,3,AL3,3845,2,0,R000575,R,1
AL,3,AL3,3846,2,0,R000575,R,1
AL,3,AL3,3847,2,0,R000575,R,1
AL,3,AL3,3752,2,0,R000575,R,1
AL,3,AL3,3751,2,0,R000575,R,1
AL,4,AL4,3466,3,0,A000055,R,1
AL,4,AL4,3561,3,0,A000055,R,1
AL,4,AL4,3562,3,0,A000055,R,1
AL,4,AL4,3657,3,0,A000055,R,1
AL,4,AL4,3656,3,0,A000055,R,1
AL,5,AL5,3559,4,0,B001274,R,1
AL,5,AL5,3560,4,0,B001274,R,1
AL,5,AL5,3463,4,0,B001274,R,1
AL,5,AL5,3464,4,0,B001274,R,1
AL,5,AL5,3465,4,0,B001274,R,1
AL,6,AL6,3750,5,0,P000609,R,1
AL,6,AL6,3749,5,0,P000609,R,1
AL,6,AL6,3653,5,0,P000609,R,1
AL,6,AL6,3654,5,0,P000609,R,1
AL,6,AL6,3655,5,0,P000609,R,1
AL,7,AL7,3941,6,0,S001185,D,1
AL,7,AL7,3940,6,0,S001185,D,1
AL,7,AL7,3939,6,0,S001185,D,1
AL,7,AL7,3843,6,0,S001185,D,1
AL,7,AL7,3844,6,0,S001185,D,1
AK,0,AK0,4852,7,1,Y000033,R,1
AK,0,AK0,4853,7,1,Y000033,R,1
AK,0,AK0,4946,7,1,Y000033,R,1
AK,0,AK0,4947,7,1,Y000033,R,1
AK,0,AK0,5043,7,1,Y000033,R,1
AZ,1,AZ1,3344,8,2,K000368,D,1
AZ,1,AZ1,3345,8,2,K000368,D,1
AZ,1,AZ1,3346,8,2,K000368,D,1
AZ,1,AZ1,3438,8,2,K000368,D,1
AZ,1,AZ1,3439,8,2,K000368,D,1
AZ,2,AZ2,4009,9,2,M001197,R,2
AZ,2,AZ2,4010,9,2,M001197,R,2
AZ,2,AZ2,4104,9,2,M001197,R,2
AZ,2,AZ2,4105,9,2,M001197,R,2
AZ,2,AZ2,4106,9,2,M001197,R,2
AZ,3,AZ3,3913,10,2,G000551,D,1
AZ,3,AZ3,3914,10,2,G000551,D,1
AZ,3,AZ3,3915,10,2,G000551,D,1
AZ,3,AZ3,4007,10,2,G000551,D,1
AZ,3,AZ3,4008,10,2,G000551,D,1
AZ,4,AZ4,3341,11,2,G000565,R,1
AZ,4,AZ4,3342,11,2,G000565,R,1
AZ,4,AZ4,3343,11,2,G000565,R,1
AZ,4,AZ4,3436,11,2,G000565,R,1
AZ,4,AZ4,3437,11,2,G000565,R,1
AZ,5,AZ5,3440,12,2,S000018,R,1
AZ,5,AZ5,3441,12,2,S000018,R,1
AZ,5,AZ5,3535,12,2,S000018,R,1
AZ,5,AZ5,3536,12,2,S000018,R,1
AZ,5,AZ5,3631,12,2,S000018,R,1
AZ,6,AZ6,3534,13,2,S001183,R,1
AZ,6,AZ6,3628,13,2,S001183,R,1
AZ,6,AZ6,3723,13,2,S001183,R,1
AZ,6,AZ6,3724,13,2,S001183,R,1
AZ,6,AZ6,3818,13,2,S001183,R,1
AZ,7,AZ7,3721,14,2,G000574,D,1
AZ,7,AZ7,3722,14,2,G000574,D,1
AZ,7,AZ7,3816,14,2,G000574,D,1
AZ,7,AZ7,3817,14,2,G000574,D,1
AZ,7,AZ7,3912,14,2,G000574,D,1
AZ,8,AZ8,3531,15,2,F000448,R,1
AZ,8,AZ8,3532,15,2,F000448,R,1
AZ,8,AZ8,3533,15,2,F000448,R,1
AZ,8,AZ8,3626,15,2,F000448,R,1
AZ,8,AZ8,3627,15,2,F000448,R,1
AZ,9,AZ9,3629,16,2,S001191,D,2
AZ,9,AZ9,3630,16,2,S001191,D,2
AZ,9,AZ9,3726,16,2,S001191,D,2
AZ,9,AZ9,3725,16,2,S001191,D,2
AZ,9,AZ9,3819,16,2,S001191,D,2
AR,1,AR1,3081,17,3,C001087,R,1
AR,1,AR1,3082,17,3,C001087,R,1
AR,1,AR1,3176,17,3,C001087,R,1
AR,1,AR1,3177,17,3,C001087,R,1
AR,1,AR1,3271,17,3,C001087,R,1
AR,2,AR2,3366,18,3,H001072,R,1
AR,2,AR2,3175,18,3,H001072,R,1
AR,2,AR2,3270,18,3,H001072,R,1
AR,2,AR2,3269,18,3,H001072,R,1
AR,2,AR2,3174,18,3,H001072,R,1
AR,3,AR3,3079,19,3,W000809,R,1
AR,3,AR3,3080,19,3,W000809,R,1
AR,3,AR3,2984,19,3,W000809,R,1
AR,3,AR3,2985,19,3,W000809,R,1
AR,3,AR3,2986,19,3,W000809,R,1
AR,4,AR4,3458,20,3,W000821,R,1
AR,4,AR4,3459,20,3,W000821,R,1
AR,4,AR4,3460,20,3,W000821,R,1
AR,4,AR4,3365,20,3,W000821,R,1
AR,4,AR4,3364,20,3,W000821,R,1
CA,1,CA1,1527,21,4,L000578,R,2
CA,1,CA1,1528,21,4,L000578,R,2
CA,1,CA1,1529,21,4,L000578,R,2
CA,1,CA1,1623,21,4,L000578,R,2
CA,1,CA1,1624,21,4,L000578,R,2
CA,2,CA2,1522,22,4,H001068,D,3
CA,2,CA2,1523,22,4,H001068,D,3
CA,2,CA2,1524,22,4,H001068,D,3
CA,2,CA2,1618,22,4,H001068,D,3
CA,2,CA2,1619,22,4,H001068,D,3
CA,3,CA3,1525,23,4,G000559,D,1
CA,3,CA3,1526,23,4,G000559,D,1
CA,3,CA3,1620,23,4,G000559,D,1
CA,3,CA3,1621,23,4,G000559,D,1
CA,3,CA3,1622,23,4,G000559,D,1
CA,4,CA4,1530,24,4,M001177,R,1
CA,4,CA4,1625,24,4,M001177,R,1
CA,4,CA4,1626,24,4,M001177,R,1
CA,4,CA4,1720,24,4,M001177,R,1
CA,4,CA4,1816,24,4,M001177,R,1
CA,5,CA5,1712,25,4,T000460,D,3
CA,5,CA5,1713,25,4,T000460,D,3
CA,5,CA5,1714,25,4,T000460,D,3
CA,5,CA5,1808,25,4,T000460,D,3
CA,5,CA5,1809,25,4,T000460,D,3
CA,6,CA6,1715,26,4,M001163,D,2
CA,6,CA6,1716,26,4,M001163,D,2
CA,6,CA6,1810,26,4,M001163,D,2
CA,6,CA6,1811,26,4,M001163,D,2
CA,6,CA6,1812,26,4,M001163,D,2
CA,7,CA7,1717,27,4,B001287,D,1
CA,7,CA7,1718,27,4,B001287,D,1
CA,7,CA7,1719,27,4,B001287,D,1
CA,7,CA7,1813,27,4,B001287,D,1
CA,7,CA7,1814,27,4,B001287,D,1
CA,8,CA8,3434,28,4,C001094,R,1
CA,8,CA8,3435,28,4,C001094,R,1
CA,8,CA8,3530,28,4,C001094,R,1
CA,8,CA8,3624,28,4,C001094,R,1
CA,8,CA8,3625,28,4,C001094,R,1
CA,9,CA9,1815,29,4,M001166,D,1
CA,9,CA9,1909,29,4,M001166,D,1
CA,9,CA9,1910,29,4,M001166,D,1
CA,9,CA9,2005,29,4,M001166,D,1
CA,9,CA9,2006,29,4,M001166,D,1
CA,10,CA10,2193,30,4,D000612,R,1
CA,10,CA10,2194,30,4,D000612,R,1
CA,10,CA10,2099,30,4,D000612,R,1
CA,10,CA10,2100,30,4,D000612,R,1
CA,10,CA10,2195,30,4,D000612,R,1
CA,11,CA11,1905,31,4,D000623,D,2
CA,11,CA11,1906,31,4,D000623,D,2
CA,11,CA11,1907,31,4,D000623,D,2
CA,11,CA11,2001,31,4,D000623,D,2
CA,11,CA11,2002,31,4,D000623,D,2
CA,12,CA12,1807,32,4,P000197,D,4
CA,12,CA12,1901,32,4,P000197,D,4
CA,12,CA12,1902,32,4,P000197,D,4
CA,12,CA12,1997,32,4,P000197,D,4
CA,12,CA12,1998,32,4,P000197,D,4
CA,13,CA13,1903,33,4,L000551,D,4
CA,13,CA13,1904,33,4,L000551,D,4
CA,13,CA13,1999,33,4,L000551,D,4
CA,13,CA13,2000,33,4,L000551,D,4
CA,13,CA13,2094,33,4,L000551,D,4
CA,14,CA14,2092,34,4,S001175,D,1
CA,14,CA14,2093,34,4,S001175,D,1
CA,14,CA14,2188,34,4,S001175,D,1
CA,14,CA14,2189,34,4,S001175,D,1
CA,14,CA14,2282,34,4,S001175,D,1
CA,15,CA15,1908,35,4,S001193,D,1
CA,15,CA15,2003,35,4,S001193,D,1
CA,15,CA15,2004,35,4,S001193,D,1
CA,15,CA15,2097,35,4,S001193,D,1
CA,15,CA15,2098,35,4,S001193,D,1
CA,16,CA16,2288,36,4,C001059,D,1
CA,16,CA16,2289,36,4,C001059,D,1
CA,16,CA16,2383,36,4,C001059,D,1
CA,16,CA16,2384,36,4,C001059,D,1
CA,16,CA16,2385,36,4,C001059,D,1
CA,17,CA17,2095,37,4,H001034,D,2
CA,17,CA17,2096,37,4,H001034,D,2
CA,17,CA17,2190,37,4,H001034,D,2
CA,17,CA17,2191,37,4,H001034,D,2
CA,17,CA17,2192,37,4,H001034,D,2
CA,18,CA18,2283,38,4,E000215,D,2
CA,18,CA18,2284,38,4,E000215,D,2
CA,18,CA18,2378,38,4,E000215,D,2
CA,18,CA18,2379,38,4,E000215,D,2
CA,18,CA18,2380,38,4,E000215,D,2
CA,19,CA19,2285,39,4,L000397,D,1
CA,19,CA19,2286,39,4,L000397,D,1
CA,19,CA19,2287,39,4,L000397,D,1
CA,19,CA19,2381,39,4,L000397,D,1
CA,19,CA19,2382,39,4,L000397,D,1
CA,20,CA20,2472,40,4,F000030,D,2
CA,20,CA20,2473,40,4,F000030,D,2
CA,20,CA20,2474,40,4,F000030,D,2
CA,20,CA20,2568,40,4,F000030,D,2
CA,20,CA20,2569,40,4,F000030,D,2
CA,21,CA21,2475,41,4,V000129,R,0
CA,21,CA21,2476,41,4,V000129,R,0
CA,21,CA21,2570,41,4,V000129,R,0
CA,21,CA21,2571,41,4,V000129,R,0
CA,21,CA21,2572,41,4,V000129,R,0
CA,22,CA22,2196,42,4,N000181,R,1
CA,22,CA22,2290,42,4,N000181,R,1
CA,22,CA22,2291,42,4,N000181,R,1
CA,22,CA22,2386,42,4,N000181,R,1
CA,22,CA22,2387,42,4,N000181,R,1
CA,23,CA23,2477,43,4,M001165,R,1
CA,23,CA23,2478,43,4,M001165,R,1
CA,23,CA23,2479,43,4,M001165,R,1
CA,23,CA23,2573,43,4,M001165,R,1
CA,23,CA23,2574,43,4,M001165,R,1
CA,24,CA24,2663,44,4,C001036,D,3
CA,24,CA24,2664,44,4,C001036,D,3
CA,24,CA24,2665,44,4,C001036,D,3
CA,24,CA24,2759,44,4,C001036,D,3
CA,24,CA24,2760,44,4,C001036,D,3
CA,25,CA25,2666,45,4,K000387,R,1
CA,25,CA25,2667,45,4,K000387,R,1
CA,25,CA25,2761,45,4,K000387,R,1
CA,25,CA25,2762,45,4,K000387,R,1
CA,25,CA25,2763,45,4,K000387,R,1
CA,26,CA26,2854,46,4,B001285,D,1
CA,26,CA26,2855,46,4,B001285,D,1
CA,26,CA26,2949,46,4,B001285,D,1
CA,26,CA26,2950,46,4,B001285,D,1
CA,26,CA26,2951,46,4,B001285,D,1
CA,27,CA27,2480,47,4,C001080,D,3
CA,27,CA27,2481,47,4,C001080,D,3
CA,27,CA27,2576,47,4,C001080,D,3
CA,27,CA27,2577,47,4,C001080,D,3
CA,27,CA27,2671,47,4,C001080,D,3
CA,28,CA28,2575,48,4,S001150,D,3
CA,28,CA28,2670,48,4,S001150,D,3
CA,28,CA28,2669,48,4,S001150,D,3
CA,28,CA28,2668,48,4,S001150,D,3
CA,28,CA28,2765,48,4,S001150,D,3
CA,29,CA29,2764,49,4,C001097,D,1
CA,29,CA29,2858,49,4,C001097,D,1
CA,29,CA29,2859,49,4,C001097,D,1
CA,29,CA29,2954,49,4,C001097,D,1
CA,29,CA29,2955,49,4,C001097,D,1
CA,30,CA30,2856,50,4,S000344,D,2
CA,30,CA30,2857,50,4,S000344,D,2
CA,30,CA30,2952,50,4,S000344,D,2
CA,30,CA30,2953,50,4,S000344,D,2
CA,30,CA30,3047,50,4,S000344,D,2
CA,31,CA31,2672,51,4,A000371,D,1
CA,31,CA31,2767,51,4,A000371,D,1
CA,31,CA31,2768,51,4,A000371,D,1
CA,31,CA31,2769,51,4,A000371,D,1
CA,31,CA31,2863,51,4,A000371,D,1
CA,32,CA32,2766,52,4,N000179,D,1
CA,32,CA32,2860,52,4,N000179,D,1
CA,32,CA32,2861,52,4,N000179,D,1
CA,32,CA32,2956,52,4,N000179,D,1
CA,32,CA32,2957,52,4,N000179,D,1
CA,33,CA33,3044,53,4,L000582,D,3
CA,33,CA33,3045,53,4,L000582,D,3
CA,33,CA33,3046,53,4,L000582,D,3
CA,33,CA33,3140,53,4,L000582,D,3
CA,33,CA33,3141,53,4,L000582,D,3
CA,34,CA34,3145,54,4,B000287,D,2
CA,34,CA34,3146,54,4,B000287,D,2
CA,34,CA34,3239,54,4,B000287,D,2
CA,34,CA34,3240,54,4,B000287,D,2
CA,34,CA34,3241,54,4,B000287,D,2
CA,35,CA35,2862,55,4,T000474,D,1
CA,35,CA35,2958,55,4,T000474,D,1
CA,35,CA35,2959,55,4,T000474,D,1
CA,35,CA35,3053,55,4,T000474,D,1
CA,35,CA35,3054,55,4,T000474,D,1
CA,36,CA36,3719,56,4,R000599,D,1
CA,36,CA36,3720,56,4,R000599,D,1
CA,36,CA36,3814,56,4,R000599,D,1
CA,36,CA36,3815,56,4,R000599,D,1
CA,36,CA36,3911,56,4,R000599,D,1
CA,37,CA37,3048,57,4,B001270,D,2
CA,37,CA37,3049,57,4,B001270,D,2
CA,37,CA37,3142,57,4,B001270,D,2
CA,37,CA37,3143,57,4,B001270,D,2
CA,37,CA37,3144,57,4,B001270,D,2
CA,38,CA38,3052,58,4,S001156,D,0
CA,38,CA38,3051,58,4,S001156,D,0
CA,38,CA38,3050,58,4,S001156,D,0
CA,38,CA38,3148,58,4,S001156,D,0
CA,38,CA38,3147,58,4,S001156,D,0
CA,39,CA39,3242,59,4,R000487,R,1
CA,39,CA39,3243,59,4,R000487,R,1
CA,39,CA39,3337,59,4,R000487,R,1
CA,39,CA39,3338,59,4,R000487,R,1
CA,39,CA39,3339,59,4,R000487,R,1
CA,40,CA40,3335,60,4,R000486,D,1
CA,40,CA40,3336,60,4,R000486,D,1
CA,40,CA40,3430,60,4,R000486,D,1
CA,40,CA40,3431,60,4,R000486,D,1
CA,40,CA40,3526,60,4,R000486,D,1
CA,41,CA41,3149,61,4,T000472,D,1
CA,41,CA41,3150,61,4,T000472,D,1
CA,41,CA41,3244,61,4,T000472,D,1
CA,41,CA41,3245,61,4,T000472,D,1
CA,41,CA41,3340,61,4,T000472,D,1
CA,42,CA42,3432,62,4,C000059,R,1
CA,42,CA42,3433,62,4,C000059,R,1
CA,42,CA42,3527,62,4,C000059,R,1
CA,42,CA42,3528,62,4,C000059,R,1
CA,42,CA42,3529,62,4,C000059,R,1
CA,43,CA43,3235,63,4,W000187,D,1
CA,43,CA43,3236,63,4,W000187,D,1
CA,43,CA43,3237,63,4,W000187,D,1
CA,43,CA43,3331,63,4,W000187,D,1
CA,43,CA43,3332,63,4,W000187,D,1
CA,44,CA44,3238,64,4,H001063,D,1
CA,44,CA44,3333,64,4,H001063,D,1
CA,44,CA44,3334,64,4,H001063,D,1
CA,44,CA44,3428,64,4,H001063,D,1
CA,44,CA44,3429,64,4,H001063,D,1
CA,45,CA45,3623,65,4,W000820,R,1
CA,45,CA45,3622,65,4,W000820,R,1
CA,45,CA45,3621,65,4,W000820,R,1
CA,45,CA45,3718,65,4,W000820,R,1
CA,45,CA45,3717,65,4,W000820,R,1
CA,46,CA46,3524,66,4,S000030,D,1
CA,46,CA46,3525,66,4,S000030,D,1
CA,46,CA46,3618,66,4,S000030,D,1
CA,46,CA46,3619,66,4,S000030,D,1
CA,46,CA46,3620,66,4,S000030,D,1
CA,47,CA47,3426,67,4,L000579,D,1
CA,47,CA47,3427,67,4,L000579,D,1
CA,47,CA47,3522,67,4,L000579,D,1
CA,47,CA47,3523,67,4,L000579,D,1
CA,47,CA47,3617,67,4,L000579,D,1
CA,48,CA48,3712,68,4,R000409,R,1
CA,48,CA48,3713,68,4,R000409,R,1
CA,48,CA48,3714,68,4,R000409,R,1
CA,48,CA48,3807,68,4,R000409,R,1
CA,48,CA48,3808,68,4,R000409,R,1
CA,49,CA49,3715,69,4,I000056,R,1
CA,49,CA49,3716,69,4,I000056,R,1
CA,49,CA49,3809,69,4,I000056,R,1
CA,49,CA49,3810,69,4,I000056,R,1
CA,49,CA49,3811,69,4,I000056,R,1
CA,50,CA50,3812,70,4,H001048,R,1
CA,50,CA50,3813,70,4,H001048,R,1
CA,50,CA50,3908,70,4,H001048,R,1
CA,50,CA50,3909,70,4,H001048,R,1
CA,50,CA50,3910,70,4,H001048,R,1
CA,51,CA51,4005,71,4,V000130,D,1
CA,51,CA51,4006,71,4,V000130,D,1
CA,51,CA51,4101,71,4,V000130,D,1
CA,51,CA51,4102,71,4,V000130,D,1
CA,51,CA51,4103,71,4,V000130,D,1
CA,52,CA52,3905,72,4,P000608,D,1
CA,52,CA52,3906,72,4,P000608,D,1
CA,52,CA52,3907,72,4,P000608,D,1
CA,52,CA52,4001,72,4,P000608,D,1
CA,52,CA52,4002,72,4,P000608,D,1
CA,53,CA53,4003,73,4,D000598,D,4
CA,53,CA53,4004,73,4,D000598,D,4
CA,53,CA53,4098,73,4,D000598,D,4
CA,53,CA53,4099,73,4,D000598,D,4
CA,53,CA53,4100,73,4,D000598,D,4
CO,1,CO1,3066,74,5,D000197,D,3
CO,1,CO1,3161,74,5,D000197,D,3
CO,1,CO1,3162,74,5,D000197,D,3
CO,1,CO1,3255,74,5,D000197,D,3
CO,1,CO1,3256,74,5,D000197,D,3
CO,2,CO2,2967,75,5,P000598,D,4
CO,2,CO2,2968,75,5,P000598,D,4
CO,2,CO2,2969,75,5,P000598,D,4
CO,2,CO2,2872,75,5,P000598,D,4
CO,2,CO2,2873,75,5,P000598,D,4
CO,3,CO3,3062,76,5,T000470,R,2
CO,3,CO3,3157,76,5,T000470,R,2
CO,3,CO3,3158,76,5,T000470,R,2
CO,3,CO3,3252,76,5,T000470,R,2
CO,3,CO3,3253,76,5,T000470,R,2
CO,4,CO4,3067,77,5,B001297,R,1
CO,4,CO4,3068,77,5,B001297,R,1
CO,4,CO4,3163,77,5,B001297,R,1
CO,4,CO4,3257,77,5,B001297,R,1
CO,4,CO4,3258,77,5,B001297,R,1
CO,5,CO5,3063,78,5,L000564,R,2
CO,5,CO5,3064,78,5,L000564,R,2
CO,5,CO5,3159,78,5,L000564,R,2
CO,5,CO5,3160,78,5,L000564,R,2
CO,5,CO5,3254,78,5,L000564,R,2
CO,6,CO6,2876,79,5,C001077,R,1
CO,6,CO6,2877,79,5,C001077,R,1
CO,6,CO6,2878,79,5,C001077,R,1
CO,6,CO6,2972,79,5,C001077,R,1
CO,6,CO6,2973,79,5,C001077,R,1
CO,7,CO7,2874,80,5,P000593,D,1
CO,7,CO7,2875,80,5,P000593,D,1
CO,7,CO7,2970,80,5,P000593,D,1
CO,7,CO7,2971,80,5,P000593,D,1
CO,7,CO7,3065,80,5,P000593,D,1
CT,1,CT1,1313,81,6,L000557,D,2
CT,1,CT1,1314,81,6,L000557,D,2
CT,1,CT1,1315,81,6,L000557,D,2
CT,1,CT1,1219,81,6,L000557,D,2
CT,1,CT1,1218,81,6,L000557,D,2
CT,2,CT2,1220,82,6,C001069,D,1
CT,2,CT2,1221,82,6,C001069,D,1
CT,2,CT2,1316,82,6,C001069,D,1
CT,2,CT2,1410,82,6,C001069,D,1
CT,2,CT2,1411,82,6,C001069,D,1
CT,3,CT3,1408,83,6,D000216,D,2
CT,3,CT3,1409,83,6,D000216,D,2
CT,3,CT3,1506,83,6,D000216,D,2
CT,3,CT3,1505,83,6,D000216,D,2
CT,3,CT3,1504,83,6,D000216,D,2
CT,4,CT4,1406,84,6,H001047,D,1
CT,4,CT4,1407,84,6,H001047,D,1
CT,4,CT4,1503,84,6,H001047,D,1
CT,4,CT4,1502,84,6,H001047,D,1
CT,4,CT4,1501,84,6,H001047,D,1
CT,5,CT5,1217,85,6,E000293,D,2
CT,5,CT5,1216,85,6,E000293,D,2
CT,5,CT5,1215,85,6,E000293,D,2
CT,5,CT5,1311,85,6,E000293,D,2
CT,5,CT5,1312,85,6,E000293,D,2
DE,0,DE0,2536,86,7,C001083,D,1
DE,0,DE0,2537,86,7,C001083,D,1
DE,0,DE0,2442,86,7,C001083,D,1
DE,0,DE0,2346,86,7,C001083,D,1
DE,0,DE0,2252,86,7,C001083,D,1
FL,1,FL1,4223,87,8,M001144,R,1
FL,1,FL1,4224,87,8,M001144,R,1
FL,1,FL1,4225,87,8,M001144,R,1
FL,1,FL1,4319,87,8,M001144,R,1
FL,1,FL1,4320,87,8,M001144,R,1
FL,2,FL2,4226,88,8,G000575,D,1
FL,2,FL2,4227,88,8,G000575,D,1
FL,2,FL2,4321,88,8,G000575,D,1
FL,2,FL2,4322,88,8,G000575,D,1
FL,2,FL2,4323,88,8,G000575,D,1
FL,3,FL3,4413,89,8,Y000065,R,0
FL,3,FL3,4414,89,8,Y000065,R,0
FL,3,FL3,4415,89,8,Y000065,R,0
FL,3,FL3,4509,89,8,Y000065,R,0
FL,3,FL3,4510,89,8,Y000065,R,0
FL,4,FL4,4511,90,8,C001045,R,1
FL,4,FL4,4512,90,8,C001045,R,1
FL,4,FL4,4416,90,8,C001045,R,1
FL,4,FL4,4417,90,8,C001045,R,1
FL,4,FL4,4418,90,8,C001045,R,1
FL,5,FL5,4516,91,8,B000911,D,2
FL,5,FL5,4517,91,8,B000911,D,2
FL,5,FL5,4610,91,8,B000911,D,2
FL,5,FL5,4611,91,8,B000911,D,2
FL,5,FL5,4612,91,8,B000911,D,2
FL,6,FL6,4518,92,8,D000621,R,1
FL,6,FL6,4519,92,8,D000621,R,1
FL,6,FL6,4520,92,8,D000621,R,1
FL,6,FL6,4614,92,8,D000621,R,1
FL,6,FL6,4613,92,8,D000621,R,1
FL,7,FL7,4709,93,8,M000689,R,1
FL,7,FL7,4708,93,8,M000689,R,1
FL,7,FL7,4707,93,8,M000689,R,1
FL,7,FL7,4802,93,8,M000689,R,1
FL,7,FL7,4803,93,8,M000689,R,1
FL,8,FL8,4710,94,8,P000599,R,2
FL,8,FL8,4805,94,8,P000599,R,2
FL,8,FL8,4615,94,8,P000599,R,2
FL,8,FL8,4711,94,8,P000599,R,2
FL,8,FL8,4806,94,8,P000599,R,2
FL,9,FL9,4804,95,8,G000556,D,1
FL,9,FL9,4900,95,8,G000556,D,1
FL,9,FL9,4899,95,8,G000556,D,1
FL,9,FL9,4898,95,8,G000556,D,1
FL,9,FL9,4993,95,8,G000556,D,1
FL,10,FL10,4704,96,8,W000806,R,2
FL,10,FL10,4705,96,8,W000806,R,2
FL,10,FL10,4706,96,8,W000806,R,2
FL,10,FL10,4800,96,8,W000806,R,2
FL,10,FL10,4801,96,8,W000806,R,2
FL,11,FL11,4513,97,8,N000185,R,1
FL,11,FL11,4514,97,8,N000185,R,1
FL,11,FL11,4515,97,8,N000185,R,1
FL,11,FL11,4608,97,8,N000185,R,1
FL,11,FL11,4609,97,8,N000185,R,1
FL,12,FL12,5089,98,8,B001257,R,1
FL,12,FL12,5184,98,8,B001257,R,1
FL,12,FL12,4994,98,8,B001257,R,1
FL,12,FL12,5090,98,8,B001257,R,1
FL,12,FL12,5185,98,8,B001257,R,1
FL,13,FL13,4897,99,8,J000296,R,1
FL,13,FL13,4992,99,8,J000296,R,1
FL,13,FL13,4896,99,8,J000296,R,1
FL,13,FL13,4991,99,8,J000296,R,1
FL,13,FL13,5087,99,8,J000296,R,1
FL,14,FL14,5088,100,8,C001066,D,2
FL,14,FL14,5183,100,8,C001066,D,2
FL,14,FL14,5279,100,8,C001066,D,2
FL,14,FL14,5182,100,8,C001066,D,2
FL,14,FL14,5278,100,8,C001066,D,2
FL,15,FL15,5281,101,8,R000593,R,1
FL,15,FL15,5280,101,8,R000593,R,1
FL,15,FL15,5375,101,8,R000593,R,1
FL,15,FL15,5376,101,8,R000593,R,1
FL,15,FL15,5471,101,8,R000593,R,1
FL,16,FL16,5374,102,8,B001260,R,1
FL,16,FL16,5470,102,8,B001260,R,1
FL,16,FL16,5373,102,8,B001260,R,1
FL,16,FL16,5469,102,8,B001260,R,1
FL,16,FL16,5564,102,8,B001260,R,1
FL,17,FL17,5565,103,8,R000583,R,1
FL,17,FL17,5566,103,8,R000583,R,1
FL,17,FL17,5660,103,8,R000583,R,1
FL,17,FL17,5661,103,8,R000583,R,1
FL,17,FL17,5662,103,8,R000583,R,1
FL,18,FL18,4995,104,8,M001191,D,1
FL,18,FL18,4996,104,8,M001191,D,1
FL,18,FL18,4997,104,8,M001191,D,1
FL,18,FL18,4902,104,8,M001191,D,1
FL,18,FL18,4901,104,8,M001191,D,1
FL,19,FL19,5755,105,8,C001102,R,1
FL,19,FL19,5756,105,8,C001102,R,1
FL,19,FL19,5757,105,8,C001102,R,1
FL,19,FL19,5851,105,8,C001102,R,1
FL,19,FL19,5852,105,8,C001102,R,1
FL,20,FL20,5663,106,8,H000324,D,2
FL,20,FL20,5567,106,8,H000324,D,2
FL,20,FL20,5472,106,8,H000324,D,2
FL,20,FL20,5473,106,8,H000324,D,2
FL,20,FL20,5568,106,8,H000324,D,2
FL,21,FL21,5091,107,8,D000610,D,1
FL,21,FL21,5092,107,8,D000610,D,1
FL,21,FL21,5093,107,8,D000610,D,1
FL,21,FL21,5187,107,8,D000610,D,1
FL,21,FL21,5186,107,8,D000610,D,1
FL,22,FL22,5188,108,8,F000462,D,1
FL,22,FL22,5284,108,8,F000462,D,1
FL,22,FL22,5283,108,8,F000462,D,1
FL,22,FL22,5282,108,8,F000462,D,1
FL,22,FL22,5377,108,8,F000462,D,1
FL,23,FL23,5378,109,8,W000797,D,2
FL,23,FL23,5474,109,8,W000797,D,2
FL,23,FL23,5569,109,8,W000797,D,2
FL,23,FL23,5379,109,8,W000797,D,2
FL,23,FL23,5475,109,8,W000797,D,2
FL,24,FL24,5759,110,8,W000808,D,1
FL,24,FL24,5664,110,8,W000808,D,1
FL,24,FL24,5665,110,8,W000808,D,1
FL,24,FL24,5570,110,8,W000808,D,1
FL,24,FL24,5666,110,8,W000808,D,1
FL,25,FL25,5758,111,8,D000600,R,1
FL,25,FL25,5854,111,8,D000600,R,1
FL,25,FL25,5853,111,8,D000600,R,1
FL,25,FL25,5947,111,8,D000600,R,1
FL,25,FL25,5948,111,8,D000600,R,1
FL,26,FL26,6043,112,8,C001107,R,1
FL,26,FL26,6044,112,8,C001107,R,1
FL,26,FL26,6045,112,8,C001107,R,1
FL,26,FL26,6138,112,8,C001107,R,1
FL,26,FL26,6139,112,8,C001107,R,1
FL,27,FL27,5949,113,8,R000435,R,1
FL,27,FL27,5950,113,8,R000435,R,1
FL,27,FL27,5855,113,8,R000435,R,1
FL,27,FL27,5856,113,8,R000435,R,1
FL,27,FL27,5760,113,8,R000435,R,1
GA,1,GA1,4329,114,9,C001103,R,1
GA,1,GA1,4424,114,9,C001103,R,1
GA,1,GA1,4330,114,9,C001103,R,1
GA,1,GA1,4234,114,9,C001103,R,1
GA,1,GA1,4235,114,9,C001103,R,1
GA,2,GA2,4325,115,9,B000490,D,1
GA,2,GA2,4326,115,9,B000490,D,1
GA,2,GA2,4419,115,9,B000490,D,1
GA,2,GA2,4420,115,9,B000490,D,1
GA,2,GA2,4421,115,9,B000490,D,1
GA,3,GA3,4135,116,9,W000796,R,0
GA,3,GA3,4230,116,9,W000796,R,0
GA,3,GA3,4228,116,9,W000796,R,0
GA,3,GA3,4324,116,9,W000796,R,0
GA,3,GA3,4229,116,9,W000796,R,0
GA,4,GA4,3850,117,9,J000288,D,0
GA,4,GA4,3851,117,9,J000288,D,0
GA,4,GA4,3946,117,9,J000288,D,0
GA,4,GA4,3947,117,9,J000288,D,0
GA,4,GA4,4041,117,9,J000288,D,0
GA,5,GA5,3848,118,9,L000287,D,2
GA,5,GA5,3849,118,9,L000287,D,2
GA,5,GA5,3943,118,9,L000287,D,2
GA,5,GA5,3944,118,9,L000287,D,2
GA,5,GA5,3945,118,9,L000287,D,2
GA,6,GA6,3660,119,9,P000591,R,1
GA,6,GA6,3661,119,9,P000591,R,1
GA,6,GA6,3662,119,9,P000591,R,1
GA,6,GA6,3757,119,9,P000591,R,1
GA,6,GA6,3756,119,9,P000591,R,1
GA,7,GA7,3852,120,9,W000810,R,1
GA,7,GA7,3948,120,9,W000810,R,1
GA,7,GA7,3758,120,9,W000810,R,1
GA,7,GA7,3853,120,9,W000810,R,1
GA,7,GA7,3949,120,9,W000810,R,1
GA,8,GA8,4327,121,9,S001189,R,1
GA,8,GA8,4422,121,9,S001189,R,1
GA,8,GA8,4232,121,9,S001189,R,1
GA,8,GA8,4328,121,9,S001189,R,1
GA,8,GA8,4423,121,9,S001189,R,1
GA,9,GA9,3565,122,9,C001093,R,1
GA,9,GA9,3566,122,9,C001093,R,1
GA,9,GA9,3567,122,9,C001093,R,1
GA,9,GA9,3471,122,9,C001093,R,1
GA,9,GA9,3470,122,9,C001093,R,1
GA,10,GA10,4042,123,9,H001071,R,1
GA,10,GA10,4138,123,9,H001071,R,1
GA,10,GA10,4137,123,9,H001071,R,1
GA,10,GA10,4136,123,9,H001071,R,1
GA,10,GA10,4231,123,9,H001071,R,1
GA,11,GA11,3658,124,9,L000583,R,1
GA,11,GA11,3659,124,9,L000583,R,1
GA,11,GA11,3755,124,9,L000583,R,1
GA,11,GA11,3754,124,9,L000583,R,1
GA,11,GA11,3753,124,9,L000583,R,1
GA,12,GA12,4233,125,9,A000372,R,1
GA,12,GA12,4139,125,9,A000372,R,1
GA,12,GA12,4044,125,9,A000372,R,1
GA,12,GA12,4140,125,9,A000372,R,1
GA,12,GA12,4043,125,9,A000372,R,1
GA,13,GA13,4040,126,9,S001157,D,1
GA,13,GA13,4039,126,9,S001157,D,1
GA,13,GA13,4038,126,9,S001157,D,1
GA,13,GA13,4133,126,9,S001157,D,1
GA,13,GA13,4134,126,9,S001157,D,1
GA,14,GA14,3467,127,9,G000560,R,1
GA,14,GA14,3468,127,9,G000560,R,1
GA,14,GA14,3469,127,9,G000560,R,1
GA,14,GA14,3564,127,9,G000560,R,1
GA,14,GA14,3563,127,9,G000560,R,1
HI,1,HI1,4766,128,10,T000473,D,1
HI,1,HI1,4863,128,10,T000473,D,1
HI,1,HI1,4864,128,10,T000473,D,1
HI,1,HI1,4958,128,10,T000473,D,1
HI,1,HI1,4959,128,10,T000473,D,1
HI,2,HI2,4961,129,10,G000571,D,2
HI,2,HI2,5057,129,10,G000571,D,2
HI,2,HI2,5152,129,10,G000571,D,2
HI,2,HI2,5056,129,10,G000571,D,2
HI,2,HI2,5151,129,10,G000571,D,2
ID,1,ID1,485,130,11,L000573,R,1
ID,1,ID1,580,130,11,L000573,R,1
ID,1,ID1,675,130,11,L000573,R,1
ID,1,ID1,676,130,11,L000573,R,1
ID,1,ID1,769,130,11,L000573,R,1
ID,2,ID2,770,131,11,S001148,R,2
ID,2,ID2,771,131,11,S001148,R,2
ID,2,ID2,865,131,11,S001148,R,2
ID,2,ID2,866,131,11,S001148,R,2
ID,2,ID2,867,131,11,S001148,R,2
IL,1,IL1,2039,132,12,R000515,D,1
IL,1,IL1,1944,132,12,R000515,D,1
IL,1,IL1,1850,132,12,R000515,D,1
IL,1,IL1,1945,132,12,R000515,D,1
IL,1,IL1,2040,132,12,R000515,D,1
IL,2,IL2,2230,133,12,K000385,D,1
IL,2,IL2,2229,133,12,K000385,D,1
IL,2,IL2,2135,133,12,K000385,D,1
IL,2,IL2,2134,133,12,K000385,D,1
IL,2,IL2,2133,133,12,K000385,D,1
IL,3,IL3,2325,134,12,L000563,D,1
IL,3,IL3,2420,134,12,L000563,D,1
IL,3,IL3,2514,134,12,L000563,D,1
IL,3,IL3,2515,134,12,L000563,D,1
IL,3,IL3,2610,134,12,L000563,D,1
IL,4,IL4,2037,135,12,G000535,D,2
IL,4,IL4,2038,135,12,G000535,D,2
IL,4,IL4,1943,135,12,G000535,D,2
IL,4,IL4,1942,135,12,G000535,D,2
IL,4,IL4,1941,135,12,G000535,D,2
IL,5,IL5,1849,136,12,Q000023,D,3
IL,5,IL5,1848,136,12,Q000023,D,3
IL,5,IL5,1847,136,12,Q000023,D,3
IL,5,IL5,1752,136,12,Q000023,D,3
IL,5,IL5,1753,136,12,Q000023,D,3
IL,6,IL6,1751,137,12,R000580,R,1
IL,6,IL6,1750,137,12,R000580,R,1
IL,6,IL6,1749,137,12,R000580,R,1
IL,6,IL6,1845,137,12,R000580,R,1
IL,6,IL6,1846,137,12,R000580,R,1
IL,7,IL7,1754,138,12,D000096,D,2
IL,7,IL7,1659,138,12,D000096,D,2
IL,7,IL7,1564,138,12,D000096,D,2
IL,7,IL7,1660,138,12,D000096,D,2
IL,7,IL7,1755,138,12,D000096,D,2
IL,8,IL8,2034,139,12,D000622,D,1
IL,8,IL8,2035,139,12,D000622,D,1
IL,8,IL8,2036,139,12,D000622,D,1
IL,8,IL8,1940,139,12,D000622,D,1
IL,8,IL8,1939,139,12,D000622,D,1
IL,9,IL9,1561,140,12,S001145,D,2
IL,9,IL9,1562,140,12,S001145,D,2
IL,9,IL9,1563,140,12,S001145,D,2
IL,9,IL9,1658,140,12,S001145,D,2
IL,9,IL9,1657,140,12,S001145,D,2
IL,10,IL10,1656,141,12,D000613,R,1
IL,10,IL10,1655,141,12,D000613,R,1
IL,10,IL10,1654,141,12,D000613,R,1
IL,10,IL10,1559,141,12,D000613,R,1
IL,10,IL10,1560,141,12,D000613,R,1
IL,11,IL11,2513,142,12,F000454,D,2
IL,11,IL11,2418,142,12,F000454,D,2
IL,11,IL11,2419,142,12,F000454,D,2
IL,11,IL11,2323,142,12,F000454,D,2
IL,11,IL11,2324,142,12,F000454,D,2
IL,12,IL12,2988,143,12,B001295,R,1
IL,12,IL12,2893,143,12,B001295,R,1
IL,12,IL12,2892,143,12,B001295,R,1
IL,12,IL12,2798,143,12,B001295,R,1
IL,12,IL12,2797,143,12,B001295,R,1
IL,13,IL13,2608,144,12,D000619,R,3
IL,13,IL13,2607,144,12,D000619,R,3
IL,13,IL13,2606,144,12,D000619,R,3
IL,13,IL13,2701,144,12,D000619,R,3
IL,13,IL13,2702,144,12,D000619,R,3
IL,14,IL14,2132,145,12,H001059,R,1
IL,14,IL14,2131,145,12,H001059,R,1
IL,14,IL14,2228,145,12,H001059,R,1
IL,14,IL14,2227,145,12,H001059,R,1
IL,14,IL14,2226,145,12,H001059,R,1
IL,15,IL15,2894,146,12,S000364,R,1
IL,15,IL15,2799,146,12,S000364,R,1
IL,15,IL15,2704,146,12,S000364,R,1
IL,15,IL15,2703,146,12,S000364,R,1
IL,15,IL15,2609,146,12,S000364,R,1
IL,16,IL16,2511,147,12,K000378,R,2
IL,16,IL16,2512,147,12,K000378,R,2
IL,16,IL16,2417,147,12,K000378,R,2
IL,16,IL16,2321,147,12,K000378,R,2
IL,16,IL16,2322,147,12,K000378,R,2
IL,17,IL17,2225,148,12,B001286,D,1
IL,17,IL17,2224,148,12,B001286,D,1
IL,17,IL17,2128,148,12,B001286,D,1
IL,17,IL17,2129,148,12,B001286,D,1
IL,17,IL17,2130,148,12,B001286,D,1
IL,18,IL18,2320,149,12,S001179,R,1
IL,18,IL18,2416,149,12,S001179,R,1
IL,18,IL18,2319,149,12,S001179,R,1
IL,18,IL18,2415,149,12,S001179,R,1
IL,18,IL18,2510,149,12,S001179,R,1
IN,1,IN1,1946,150,13,V000108,D,1
IN,1,IN1,1851,150,13,V000108,D,1
IN,1,IN1,1852,150,13,V000108,D,1
IN,1,IN1,1756,150,13,V000108,D,1
IN,1,IN1,1661,150,13,V000108,D,1
IN,2,IN2,1662,151,13,W000813,R,1
IN,2,IN2,1663,151,13,W000813,R,1
IN,2,IN2,1664,151,13,W000813,R,1
IN,2,IN2,1758,151,13,W000813,R,1
IN,2,IN2,1757,151,13,W000813,R,1
IN,3,IN3,1947,152,13,S001188,R,1
IN,3,IN3,2043,152,13,S001188,R,1
IN,3,IN3,1948,152,13,S001188,R,1
IN,3,IN3,1854,152,13,S001188,R,1
IN,3,IN3,1853,152,13,S001188,R,1
IN,4,IN4,2232,153,13,R000592,R,1
IN,4,IN4,2136,153,13,R000592,R,1
IN,4,IN4,2041,153,13,R000592,R,1
IN,4,IN4,2042,153,13,R000592,R,1
IN,4,IN4,2137,153,13,R000592,R,1
IN,5,IN5,2328,154,13,B001284,R,1
IN,5,IN5,2233,154,13,B001284,R,1
IN,5,IN5,2234,154,13,B001284,R,1
IN,5,IN5,2138,154,13,B001284,R,1
IN,5,IN5,2044,154,13,B001284,R,1
IN,6,IN6,2613,155,13,M001189,R,1
IN,6,IN6,2614,155,13,M001189,R,1
IN,6,IN6,2518,155,13,M001189,R,1
IN,6,IN6,2423,155,13,M001189,R,1
IN,6,IN6,2424,155,13,M001189,R,1
IN,7,IN7,2422,156,13,C001072,D,1
IN,7,IN7,2327,156,13,C001072,D,1
IN,7,IN7,2326,156,13,C001072,D,1
IN,7,IN7,2421,156,13,C001072,D,1
IN,7,IN7,2231,156,13,C001072,D,1
IN,8,IN8,2705,157,13,B001275,R,1
IN,8,IN8,2611,157,13,B001275,R,1
IN,8,IN8,2516,157,13,B001275,R,1
IN,8,IN8,2612,157,13,B001275,R,1
IN,8,IN8,2517,157,13,B001275,R,1
IN,9,IN9,2800,158,13,Y000064,R,1
IN,9,IN9,2801,158,13,Y000064,R,1
IN,9,IN9,2802,158,13,Y000064,R,1
IN,9,IN9,2706,158,13,Y000064,R,1
IN,9,IN9,2707,158,13,Y000064,R,1
IA,1,IA1,1748,159,14,B001294,R,1
IA,1,IA1,1747,159,14,B001294,R,1
IA,1,IA1,1842,159,14,B001294,R,1
IA,1,IA1,1652,159,14,B001294,R,1
IA,1,IA1,1653,159,14,B001294,R,1
IA,2,IA2,1937,160,14,L000565,D,2
IA,2,IA2,2033,160,14,L000565,D,2
IA,2,IA2,1938,160,14,L000565,D,2
IA,2,IA2,1843,160,14,L000565,D,2
IA,2,IA2,1844,160,14,L000565,D,2
IA,3,IA3,1936,161,14,Y000066,R,1
IA,3,IA3,1935,161,14,Y000066,R,1
IA,3,IA3,2030,161,14,Y000066,R,1
IA,3,IA3,2031,161,14,Y000066,R,1
IA,3,IA3,2032,161,14,Y000066,R,1
IA,4,IA4,1651,162,14,K000362,R,1
IA,4,IA4,1746,162,14,K000362,R,1
IA,4,IA4,1650,162,14,K000362,R,1
IA,4,IA4,1745,162,14,K000362,R,1
IA,4,IA4,1841,162,14,K000362,R,1
KS,1,KS1,2218,163,15,H001057,R,1
KS,1,KS1,2217,163,15,H001057,R,1
KS,1,KS1,2312,163,15,H001057,R,1
KS,1,KS1,2311,163,15,H001057,R,1
KS,1,KS1,2216,163,15,H001057,R,1
KS,2,KS2,2505,164,15,J000290,R,1
KS,2,KS2,2504,164,15,J000290,R,1
KS,2,KS2,2503,164,15,J000290,R,1
KS,2,KS2,2409,164,15,J000290,R,1
KS,2,KS2,2410,164,15,J000290,R,1
KS,3,KS3,2219,165,15,Y000063,R,1
KS,3,KS3,2220,165,15,Y000063,R,1
KS,3,KS3,2315,165,15,Y000063,R,1
KS,3,KS3,2314,165,15,Y000063,R,1
KS,3,KS3,2313,165,15,Y000063,R,1
KS,4,KS4,2502,166,15,P000602,R,1
KS,4,KS4,2501,166,15,P000602,R,1
KS,4,KS4,2406,166,15,P000602,R,1
KS,4,KS4,2407,166,15,P000602,R,1
KS,4,KS4,2408,166,15,P000602,R,1
KY,1,KY1,2896,167,16,W000413,R,1
KY,1,KY1,2895,167,16,W000413,R,1
KY,1,KY1,2991,167,16,W000413,R,1
KY,1,KY1,2990,167,16,W000413,R,1
KY,1,KY1,2989,167,16,W000413,R,1
KY,2,KY2,2803,168,16,G000558,R,1
KY,2,KY2,2898,168,16,G000558,R,1
KY,2,KY2,2897,168,16,G000558,R,1
KY,2,KY2,2993,168,16,G000558,R,1
KY,2,KY2,2992,168,16,G000558,R,1
KY,3,KY3,2615,169,16,Y000062,D,1
KY,3,KY3,2710,169,16,Y000062,D,1
KY,3,KY3,2709,169,16,Y000062,D,1
KY,3,KY3,2708,169,16,Y000062,D,1
KY,3,KY3,2804,169,16,Y000062,D,1
KY,4,KY4,2618,170,16,M001184,R,1
KY,4,KY4,2522,170,16,M001184,R,1
KY,4,KY4,2617,170,16,M001184,R,1
KY,4,KY4,2616,170,16,M001184,R,1
KY,4,KY4,2711,170,16,M001184,R,1
KY,5,KY5,2619,171,16,R000395,R,1
KY,5,KY5,2713,171,16,R000395,R,1
KY,5,KY5,2712,171,16,R000395,R,1
KY,5,KY5,2808,171,16,R000395,R,1
KY,5,KY5,2807,171,16,R000395,R,1
KY,6,KY6,2806,172,16,B001282,R,2
KY,6,KY6,2900,172,16,B001282,R,2
KY,6,KY6,2805,172,16,B001282,R,2
KY,6,KY6,2899,172,16,B001282,R,2
KY,6,KY6,2994,172,16,B001282,R,2
LA,1,LA1,4030,173,17,S001176,R,1
LA,1,LA1,4126,173,17,S001176,R,1
LA,1,LA1,4127,173,17,S001176,R,1
LA,1,LA1,4220,173,17,S001176,R,1
LA,1,LA1,4316,173,17,S001176,R,1
LA,2,LA2,4028,174,17,R000588,D,1
LA,2,LA2,4123,174,17,R000588,D,1
LA,2,LA2,4124,174,17,R000588,D,1
LA,2,LA2,4125,174,17,R000588,D,1
LA,2,LA2,4219,174,17,R000588,D,1
LA,3,LA3,3837,175,17,B001255,R,1
LA,3,LA3,3932,175,17,B001255,R,1
LA,3,LA3,3933,175,17,B001255,R,1
LA,3,LA3,4027,175,17,B001255,R,1
LA,3,LA3,4026,175,17,B001255,R,1
LA,4,LA4,3553,176,17,F000456,R,0
LA,4,LA4,3647,176,17,F000456,R,0
LA,4,LA4,3742,176,17,F000456,R,0
LA,4,LA4,3648,176,17,F000456,R,0
LA,4,LA4,3743,176,17,F000456,R,0
LA,5,LA5,3554,177,17,A000374,R,1
LA,5,LA5,3555,177,17,A000374,R,1
LA,5,LA5,3649,177,17,A000374,R,1
LA,5,LA5,3744,177,17,A000374,R,1
LA,5,LA5,3745,177,17,A000374,R,1
LA,6,LA6,3838,178,17,G000577,R,1
LA,6,LA6,3839,178,17,G000577,R,1
LA,6,LA6,3934,178,17,G000577,R,1
LA,6,LA6,3935,178,17,G000577,R,1
LA,6,LA6,4029,178,17,G000577,R,1
ME,1,ME1,459,179,18,P000597,D,3
ME,1,ME1,554,179,18,P000597,D,3
ME,1,ME1,460,179,18,P000597,D,3
ME,1,ME1,555,179,18,P000597,D,3
ME,1,ME1,649,179,18,P000597,D,3
ME,2,ME2,364,180,18,P000611,R,1
ME,2,ME2,365,180,18,P000611,R,1
ME,2,ME2,366,180,18,P000611,R,1
ME,2,ME2,270,180,18,P000611,R,1
ME,2,ME2,269,180,18,P000611,R,1
MD,1,MD1,2726,181,19,H001052,R,1
MD,1,MD1,2727,181,19,H001052,R,1
MD,1,MD1,2631,181,19,H001052,R,1
MD,1,MD1,2632,181,19,H001052,R,1
MD,1,MD1,2633,181,19,H001052,R,1
MD,2,MD2,2250,182,19,R000576,D,1
MD,2,MD2,2251,182,19,R000576,D,1
MD,2,MD2,2345,182,19,R000576,D,1
MD,2,MD2,2441,182,19,R000576,D,1
MD,2,MD2,2535,182,19,R000576,D,1
MD,3,MD3,2532,183,19,S001168,D,1
MD,3,MD3,2533,183,19,S001168,D,1
MD,3,MD3,2437,183,19,S001168,D,1
MD,3,MD3,2438,183,19,S001168,D,1
MD,3,MD3,2439,183,19,S001168,D,1
MD,4,MD4,2722,184,19,E000290,D,1
MD,4,MD4,2723,184,19,E000290,D,1
MD,4,MD4,2627,184,19,E000290,D,1
MD,4,MD4,2628,184,19,E000290,D,1
MD,4,MD4,2531,184,19,E000290,D,1
MD,5,MD5,2913,185,19,H000874,D,1
MD,5,MD5,2914,185,19,H000874,D,1
MD,5,MD5,2817,185,19,H000874,D,1
MD,5,MD5,2818,185,19,H000874,D,1
MD,5,MD5,2819,185,19,H000874,D,1
MD,6,MD6,2245,186,19,D000620,D,1
MD,6,MD6,2243,186,19,D000620,D,1
MD,6,MD6,2244,186,19,D000620,D,1
MD,6,MD6,2242,186,19,D000620,D,1
MD,6,MD6,2337,186,19,D000620,D,1
MD,7,MD7,2343,187,19,C000984,D,1
MD,7,MD7,2344,187,19,C000984,D,1
MD,7,MD7,2249,187,19,C000984,D,1
MD,7,MD7,2248,187,19,C000984,D,1
MD,7,MD7,2342,187,19,C000984,D,1
MD,8,MD8,2436,188,19,V000128,D,2
MD,8,MD8,2340,188,19,V000128,D,2
MD,8,MD8,2341,188,19,V000128,D,2
MD,8,MD8,2246,188,19,V000128,D,2
MD,8,MD8,2247,188,19,V000128,D,2
MA,1,MA1,1025,189,20,N000015,D,1
MA,1,MA1,1026,189,20,N000015,D,1
MA,1,MA1,1027,189,20,N000015,D,1
MA,1,MA1,1122,189,20,N000015,D,1
MA,1,MA1,1121,189,20,N000015,D,1
MA,2,MA2,835,190,20,M000312,D,3
MA,2,MA2,836,190,20,M000312,D,3
MA,2,MA2,837,190,20,M000312,D,3
MA,2,MA2,932,190,20,M000312,D,3
MA,2,MA2,931,190,20,M000312,D,3
MA,3,MA3,838,191,20,T000465,D,1
MA,3,MA3,839,191,20,T000465,D,1
MA,3,MA3,935,191,20,T000465,D,1
MA,3,MA3,934,191,20,T000465,D,1
MA,3,MA3,933,191,20,T000465,D,1
MA,4,MA4,1123,192,20,K000379,D,2
MA,4,MA4,1124,192,20,K000379,D,2
MA,4,MA4,1125,192,20,K000379,D,2
MA,4,MA4,1029,192,20,K000379,D,2
MA,4,MA4,1028,192,20,K000379,D,2
MA,5,MA5,840,193,20,C001101,D,2
MA,5,MA5,841,193,20,C001101,D,2
MA,5,MA5,842,193,20,C001101,D,2
MA,5,MA5,937,193,20,C001101,D,2
MA,5,MA5,936,193,20,C001101,D,2
MA,6,MA6,749,194,20,M001196,D,2
MA,6,MA6,844,194,20,M001196,D,2
MA,6,MA6,843,194,20,M001196,D,2
MA,6,MA6,939,194,20,M001196,D,2
MA,6,MA6,938,194,20,M001196,D,2
MA,7,MA7,1128,195,20,C001037,D,2
MA,7,MA7,1129,195,20,C001037,D,2
MA,7,MA7,1130,195,20,C001037,D,2
MA,7,MA7,1034,195,20,C001037,D,2
MA,7,MA7,1033,195,20,C001037,D,2
MA,8,MA8,1030,196,20,L000562,D,1
MA,8,MA8,1031,196,20,L000562,D,1
MA,8,MA8,1032,196,20,L000562,D,1
MA,8,MA8,1127,196,20,L000562,D,1
MA,8,MA8,1126,196,20,L000562,D,1
MA,9,MA9,1224,197,20,K000375,D,2
MA,9,MA9,1225,197,20,K000375,D,2
MA,9,MA9,1321,197,20,K000375,D,2
MA,9,MA9,1226,197,20,K000375,D,2
MA,9,MA9,1132,197,20,K000375,D,2
MI,1,MI1,707,198,21,B001271,R,2
MI,1,MI1,708,198,21,B001271,R,2
MI,1,MI1,709,198,21,B001271,R,2
MI,1,MI1,803,198,21,B001271,R,2
MI,1,MI1,614,198,21,B001271,R,2
MI,2,MI2,615,199,21,H001058,R,1
MI,2,MI2,710,199,21,H001058,R,1
MI,2,MI2,804,199,21,H001058,R,1
MI,2,MI2,805,199,21,H001058,R,1
MI,2,MI2,900,199,21,H001058,R,1
MI,3,MI3,1473,200,21,A000367,R,1
MI,3,MI3,1378,200,21,A000367,R,1
MI,3,MI3,1379,200,21,A000367,R,1
MI,3,MI3,1284,200,21,A000367,R,1
MI,3,MI3,1285,200,21,A000367,R,1
MI,4,MI4,711,201,21,M001194,R,1
MI,4,MI4,712,201,21,M001194,R,1
MI,4,MI4,713,201,21,M001194,R,1
MI,4,MI4,617,201,21,M001194,R,1
MI,4,MI4,618,201,21,M001194,R,1
MI,5,MI5,903,202,21,K000380,D,1
MI,5,MI5,998,202,21,K000380,D,1
MI,5,MI5,904,202,21,K000380,D,1
MI,5,MI5,809,202,21,K000380,D,1
MI,5,MI5,905,202,21,K000380,D,1
MI,6,MI6,1567,203,21,U000031,R,2
MI,6,MI6,1568,203,21,U000031,R,2
MI,6,MI6,1569,203,21,U000031,R,2
MI,6,MI6,1474,203,21,U000031,R,2
MI,6,MI6,1475,203,21,U000031,R,2
MI,7,MI7,1570,204,21,W000798,R,1
MI,7,MI7,1571,204,21,W000798,R,1
MI,7,MI7,1572,204,21,W000798,R,1
MI,7,MI7,1477,204,21,W000798,R,1
MI,7,MI7,1476,204,21,W000798,R,1
MI,8,MI8,1189,205,21,B001293,R,1
MI,8,MI8,1188,205,21,B001293,R,1
MI,8,MI8,1094,205,21,B001293,R,1
MI,8,MI8,1093,205,21,B001293,R,1
MI,8,MI8,999,205,21,B001293,R,1
MI,9,MI9,812,206,21,L000263,D,1
MI,9,MI9,907,206,21,L000263,D,1
MI,9,MI9,1001,206,21,L000263,D,1
MI,9,MI9,908,206,21,L000263,D,1
MI,9,MI9,1002,206,21,L000263,D,1
MI,10,MI10,810,207,21,M001150,R,1
MI,10,MI10,811,207,21,M001150,R,1
MI,10,MI10,715,207,21,M001150,R,1
MI,10,MI10,716,207,21,M001150,R,1
MI,10,MI10,717,207,21,M001150,R,1
MI,11,MI11,906,208,21,T000475,R,0
MI,11,MI11,1000,208,21,T000475,R,0
MI,11,MI11,1095,208,21,T000475,R,0
MI,11,MI11,1096,208,21,T000475,R,0
MI,11,MI11,1190,208,21,T000475,R,0
MI,12,MI12,1380,209,21,D000624,D,3
MI,12,MI12,1381,209,21,D000624,D,3
MI,12,MI12,1286,209,21,D000624,D,3
MI,12,MI12,1287,209,21,D000624,D,3
MI,12,MI12,1191,209,21,D000624,D,3
MI,13,MI13,1288,210,21,C000714,D,2
MI,13,MI13,1382,210,21,C000714,D,2
MI,13,MI13,1289,210,21,C000714,D,2
MI,13,MI13,1383,210,21,C000714,D,2
MI,13,MI13,1478,210,21,C000714,D,2
MI,14,MI14,1097,211,21,L000581,D,1
MI,14,MI14,1192,211,21,L000581,D,1
MI,14,MI14,1193,211,21,L000581,D,1
MI,14,MI14,1099,211,21,L000581,D,1
MI,14,MI14,1194,211,21,L000581,D,1
MN,1,MN1,1272,212,22,W000799,D,1
MN,1,MN1,1271,212,22,W000799,D,1
MN,1,MN1,1270,212,22,W000799,D,1
MN,1,MN1,1175,212,22,W000799,D,1
MN,1,MN1,1176,212,22,W000799,D,1
MN,2,MN2,1274,213,22,K000363,R,1
MN,2,MN2,1178,213,22,K000363,R,1
MN,2,MN2,1083,213,22,K000363,R,1
MN,2,MN2,1177,213,22,K000363,R,1
MN,2,MN2,1273,213,22,K000363,R,1
MN,3,MN3,892,214,22,P000594,R,1
MN,3,MN3,891,214,22,P000594,R,1
MN,3,MN3,890,214,22,P000594,R,1
MN,3,MN3,795,214,22,P000594,R,1
MN,3,MN3,985,214,22,P000594,R,1
MN,4,MN4,893,215,22,M001143,D,2
MN,4,MN4,988,215,22,M001143,D,2
MN,4,MN4,894,215,22,M001143,D,2
MN,4,MN4,799,215,22,M001143,D,2
MN,4,MN4,798,215,22,M001143,D,2
MN,5,MN5,1082,216,22,E000288,D,3
MN,5,MN5,1081,216,22,E000288,D,3
MN,5,MN5,1080,216,22,E000288,D,3
MN,5,MN5,987,216,22,E000288,D,3
MN,5,MN5,986,216,22,E000288,D,3
MN,6,MN6,607,217,22,E000294,R,1
MN,6,MN6,702,217,22,E000294,R,1
MN,6,MN6,796,217,22,E000294,R,1
MN,6,MN6,703,217,22,E000294,R,1
MN,6,MN6,797,217,22,E000294,R,1
MN,7,MN7,701,218,22,P000258,D,1
MN,7,MN7,700,218,22,P000258,D,1
MN,7,MN7,606,218,22,P000258,D,1
MN,7,MN7,605,218,22,P000258,D,1
MN,7,MN7,512,218,22,P000258,D,1
MN,8,MN8,704,219,22,N000127,D,1
MN,8,MN8,705,219,22,N000127,D,1
MN,8,MN8,608,219,22,N000127,D,1
MN,8,MN8,609,219,22,N000127,D,1
MN,8,MN8,610,219,22,N000127,D,1
MS,1,MS1,3461,220,23,K000388,R,0
MS,1,MS1,3462,220,23,K000388,R,0
MS,1,MS1,3557,220,23,K000388,R,0
MS,1,MS1,3558,220,23,K000388,R,0
MS,1,MS1,3652,220,23,K000388,R,0
MS,2,MS2,3556,221,23,T000193,D,0
MS,2,MS2,3650,221,23,T000193,D,0
MS,2,MS2,3651,221,23,T000193,D,0
MS,2,MS2,3746,221,23,T000193,D,0
MS,2,MS2,3840,221,23,T000193,D,0
MS,3,MS3,3936,222,23,H001045,R,1
MS,3,MS3,3841,222,23,H001045,R,1
MS,3,MS3,3747,222,23,H001045,R,1
MS,3,MS3,3748,222,23,H001045,R,1
MS,3,MS3,3842,222,23,H001045,R,1
MS,4,MS4,4128,223,23,P000601,R,1
MS,4,MS4,4031,223,23,P000601,R,1
MS,4,MS4,4032,223,23,P000601,R,1
MS,4,MS4,3937,223,23,P000601,R,1
MS,4,MS4,3938,223,23,P000601,R,1
MO,1,MO1,2414,224,24,C001049,D,2
MO,1,MO1,2413,224,24,C001049,D,2
MO,1,MO1,2318,224,24,C001049,D,2
MO,1,MO1,2317,224,24,C001049,D,2
MO,1,MO1,2223,224,24,C001049,D,2
MO,2,MO2,2700,225,24,W000812,R,1
MO,2,MO2,2605,225,24,W000812,R,1
MO,2,MO2,2509,225,24,W000812,R,1
MO,2,MO2,2508,225,24,W000812,R,1
MO,2,MO2,2604,225,24,W000812,R,1
MO,3,MO3,2794,226,24,L000569,R,2
MO,3,MO3,2889,226,24,L000569,R,2
MO,3,MO3,2888,226,24,L000569,R,2
MO,3,MO3,2698,226,24,L000569,R,2
MO,3,MO3,2699,226,24,L000569,R,2
MO,4,MO4,2603,227,24,H001053,R,1
MO,4,MO4,2602,227,24,H001053,R,1
MO,4,MO4,2601,227,24,H001053,R,1
MO,4,MO4,2696,227,24,H001053,R,1
MO,4,MO4,2697,227,24,H001053,R,1
MO,5,MO5,2412,228,24,C001061,D,3
MO,5,MO5,2507,228,24,C001061,D,3
MO,5,MO5,2316,228,24,C001061,D,3
MO,5,MO5,2411,228,24,C001061,D,3
MO,5,MO5,2506,228,24,C001061,D,3
MO,6,MO6,2222,229,24,G000546,R,1
MO,6,MO6,2221,229,24,G000546,R,1
MO,6,MO6,2125,229,24,G000546,R,1
MO,6,MO6,2126,229,24,G000546,R,1
MO,6,MO6,2127,229,24,G000546,R,1
MO,7,MO7,2793,230,24,L000576,R,2
MO,7,MO7,2792,230,24,L000576,R,2
MO,7,MO7,2791,230,24,L000576,R,2
MO,7,MO7,2886,230,24,L000576,R,2
MO,7,MO7,2887,230,24,L000576,R,2
MO,8,MO8,2987,231,24,S001195,R,1
MO,8,MO8,2891,231,24,S001195,R,1
MO,8,MO8,2796,231,24,S001195,R,1
MO,8,MO8,2890,231,24,S001195,R,1
MO,8,MO8,2795,231,24,S001195,R,1
MT,0,MT0,486,232,25,Z000018,R,2
MT,0,MT0,487,232,25,Z000018,R,2
MT,0,MT0,488,232,25,Z000018,R,2
MT,0,MT0,581,232,25,Z000018,R,2
MT,0,MT0,582,232,25,Z000018,R,2
NE,1,NE1,1932,233,26,F000449,R,1
NE,1,NE1,2028,233,26,F000449,R,1
NE,1,NE1,2027,233,26,F000449,R,1
NE,1,NE1,2122,233,26,F000449,R,1
NE,1,NE1,2121,233,26,F000449,R,1
NE,2,NE2,2124,234,26,A000373,D,1
NE,2,NE2,2123,234,26,A000373,D,1
NE,2,NE2,2029,234,26,A000373,D,1
NE,2,NE2,1933,234,26,A000373,D,1
NE,2,NE2,1934,234,26,A000373,D,1
NE,3,NE3,1931,235,26,S001172,R,1
NE,3,NE3,1930,235,26,S001172,R,1
NE,3,NE3,1929,235,26,S001172,R,1
NE,3,NE3,2025,235,26,S001172,R,1
NE,3,NE3,2026,235,26,S001172,R,1
NV,1,NV1,2960,236,27,T000468,D,1
NV,1,NV1,2961,236,27,T000468,D,1
NV,1,NV1,2962,236,27,T000468,D,1
NV,1,NV1,3055,236,27,T000468,D,1
NV,1,NV1,3056,236,27,T000468,D,1
NV,2,NV2,2864,237,27,A000369,R,1
NV,2,NV2,2865,237,27,A000369,R,1
NV,2,NV2,2770,237,27,A000369,R,1
NV,2,NV2,2674,237,27,A000369,R,1
NV,2,NV2,2675,237,27,A000369,R,1
NV,3,NV3,3057,238,27,H001055,R,2
NV,3,NV3,3151,238,27,H001055,R,2
NV,3,NV3,3152,238,27,H001055,R,2
NV,3,NV3,3246,238,27,H001055,R,2
NV,3,NV3,3247,238,27,H001055,R,2
NV,4,NV4,2676,239,27,H001070,R,1
NV,4,NV4,2771,239,27,H001070,R,1
NV,4,NV4,2772,239,27,H001070,R,1
NV,4,NV4,2866,239,27,H001070,R,1
NV,4,NV4,2867,239,27,H001070,R,1
NH,1,NH1,742,240,28,G000570,R,2
NH,1,NH1,743,240,28,G000570,R,2
NH,1,NH1,744,240,28,G000570,R,2
NH,1,NH1,648,240,28,G000570,R,2
NH,1,NH1,647,240,28,G000570,R,2
NH,2,NH2,552,241,28,K000382,D,3
NH,2,NH2,553,241,28,K000382,D,3
NH,2,NH2,457,241,28,K000382,D,3
NH,2,NH2,458,241,28,K000382,D,3
NH,2,NH2,363,241,28,K000382,D,3
NJ,1,NJ1,2253,242,29,N000188,D,2
NJ,1,NJ1,2254,242,29,N000188,D,2
NJ,1,NJ1,2348,242,29,N000188,D,2
NJ,1,NJ1,2349,242,29,N000188,D,2
NJ,1,NJ1,2444,242,29,N000188,D,2
NJ,2,NJ2,2636,243,29,L000554,R,1
NJ,2,NJ2,2730,243,29,L000554,R,1
NJ,2,NJ2,2637,243,29,L000554,R,1
NJ,2,NJ2,2731,243,29,L000554,R,1
NJ,2,NJ2,2826,243,29,L000554,R,1
NJ,3,NJ3,2445,244,29,M001193,R,1
NJ,3,NJ3,2539,244,29,M001193,R,1
NJ,3,NJ3,2446,244,29,M001193,R,1
NJ,3,NJ3,2540,244,29,M001193,R,1
NJ,3,NJ3,2635,244,29,M001193,R,1
NJ,4,NJ4,2541,245,29,S000522,R,1
NJ,4,NJ4,2542,245,29,S000522,R,1
NJ,4,NJ4,2448,245,29,S000522,R,1
NJ,4,NJ4,2543,245,29,S000522,R,1
NJ,4,NJ4,2638,245,29,S000522,R,1
NJ,5,NJ5,1876,246,29,G000548,R,1
NJ,5,NJ5,1781,246,29,G000548,R,1
NJ,5,NJ5,1687,246,29,G000548,R,1
NJ,5,NJ5,1686,246,29,G000548,R,1
NJ,5,NJ5,1780,246,29,G000548,R,1
NJ,6,NJ6,2350,247,29,P000034,D,1
NJ,6,NJ6,2351,247,29,P000034,D,1
NJ,6,NJ6,2257,247,29,P000034,D,1
NJ,6,NJ6,2352,247,29,P000034,D,1
NJ,6,NJ6,2447,247,29,P000034,D,1
NJ,7,NJ7,2067,248,29,L000567,R,2
NJ,7,NJ7,2066,248,29,L000567,R,2
NJ,7,NJ7,1971,248,29,L000567,R,2
NJ,7,NJ7,1970,248,29,L000567,R,2
NJ,7,NJ7,1875,248,29,L000567,R,2
NJ,8,NJ8,2259,249,29,S001165,D,1
NJ,8,NJ8,2353,249,29,S001165,D,1
NJ,8,NJ8,2260,249,29,S001165,D,1
NJ,8,NJ8,2354,249,29,S001165,D,1
NJ,8,NJ8,2449,249,29,S001165,D,1
NJ,9,NJ9,2068,250,29,P000096,D,1
NJ,9,NJ9,1973,250,29,P000096,D,1
NJ,9,NJ9,1879,250,29,P000096,D,1
NJ,9,NJ9,1974,250,29,P000096,D,1
NJ,9,NJ9,1880,250,29,P000096,D,1
NJ,10,NJ10,2162,251,29,P000604,D,1
NJ,10,NJ10,2258,251,29,P000604,D,1
NJ,10,NJ10,2163,251,29,P000604,D,1
NJ,10,NJ10,2069,251,29,P000604,D,1
NJ,10,NJ10,2164,251,29,P000604,D,1
NJ,11,NJ11,1972,252,29,F000372,R,1
NJ,11,NJ11,1878,252,29,F000372,R,1
NJ,11,NJ11,1783,252,29,F000372,R,1
NJ,11,NJ11,1782,252,29,F000372,R,1
NJ,11,NJ11,1877,252,29,F000372,R,1
NJ,12,NJ12,2159,253,29,W000822,D,1
NJ,12,NJ12,2160,253,29,W000822,D,1
NJ,12,NJ12,2161,253,29,W000822,D,1
NJ,12,NJ12,2256,253,29,W000822,D,1
NJ,12,NJ12,2255,253,29,W000822,D,1
NM,1,NM1,3350,254,30,L000580,D,2
NM,1,NM1,3444,254,30,L000580,D,2
NM,1,NM1,3539,254,30,L000580,D,2
NM,1,NM1,3540,254,30,L000580,D,2
NM,1,NM1,3634,254,30,L000580,D,2
NM,2,NM2,3537,255,30,P000588,R,1
NM,2,NM2,3538,255,30,P000588,R,1
NM,2,NM2,3632,255,30,P000588,R,1
NM,2,NM2,3633,255,30,P000588,R,1
NM,2,NM2,3727,255,30,P000588,R,1
NM,3,NM3,3347,256,30,L000570,D,2
NM,3,NM3,3348,256,30,L000570,D,2
NM,3,NM3,3349,256,30,L000570,D,2
NM,3,NM3,3442,256,30,L000570,D,2
NM,3,NM3,3443,256,30,L000570,D,2
NY,1,NY1,1785,257,31,Z000017,R,1
NY,1,NY1,1786,257,31,Z000017,R,1
NY,1,NY1,1691,257,31,Z000017,R,1
NY,1,NY1,1692,257,31,Z000017,R,1
NY,1,NY1,1693,257,31,Z000017,R,1
NY,2,NY2,1690,258,31,K000210,R,1
NY,2,NY2,1784,258,31,K000210,R,1
NY,2,NY2,1689,258,31,K000210,R,1
NY,2,NY2,1593,258,31,K000210,R,1
NY,2,NY2,1688,258,31,K000210,R,1
NY,3,NY3,1405,259,31,I000057,D,1
NY,3,NY3,1500,259,31,I000057,D,1
NY,3,NY3,1595,259,31,I000057,D,1
NY,3,NY3,1594,259,31,I000057,D,1
NY,3,NY3,1499,259,31,I000057,D,1
NY,4,NY4,1591,260,31,R000602,D,1
NY,4,NY4,1592,260,31,R000602,D,1
NY,4,NY4,1498,260,31,R000602,D,1
NY,4,NY4,1497,260,31,R000602,D,1
NY,4,NY4,1496,260,31,R000602,D,1
NY,5,NY5,1310,261,31,M001137,D,1
NY,5,NY5,1404,261,31,M001137,D,1
NY,5,NY5,1214,261,31,M001137,D,1
NY,5,NY5,1309,261,31,M001137,D,1
NY,5,NY5,1403,261,31,M001137,D,1
NY,6,NY6,1024,262,31,M001188,D,1
NY,6,NY6,1119,262,31,M001188,D,1
NY,6,NY6,1213,262,31,M001188,D,1
NY,6,NY6,1118,262,31,M001188,D,1
NY,6,NY6,1120,262,31,M001188,D,1
NY,7,NY7,1303,263,31,V000081,D,2
NY,7,NY7,1397,263,31,V000081,D,2
NY,7,NY7,1207,263,31,V000081,D,2
NY,7,NY7,1302,263,31,V000081,D,2
NY,7,NY7,1396,263,31,V000081,D,2
NY,8,NY8,1308,264,31,J000294,D,1
NY,8,NY8,1307,264,31,J000294,D,1
NY,8,NY8,1306,264,31,J000294,D,1
NY,8,NY8,1401,264,31,J000294,D,1
NY,8,NY8,1402,264,31,J000294,D,1
NY,9,NY9,1305,265,31,C001067,D,2
NY,9,NY9,1304,265,31,C001067,D,2
NY,9,NY9,1398,265,31,C001067,D,2
NY,9,NY9,1399,265,31,C001067,D,2
NY,9,NY9,1400,265,31,C001067,D,2
NY,10,NY10,1113,266,31,N000002,D,2
NY,10,NY10,1114,266,31,N000002,D,2
NY,10,NY10,1115,266,31,N000002,D,2
NY,10,NY10,1209,266,31,N000002,D,2
NY,10,NY10,1208,266,31,N000002,D,2
NY,11,NY11,1301,267,31,D000625,R,1
NY,11,NY11,1395,267,31,D000625,R,1
NY,11,NY11,1205,267,31,D000625,R,1
NY,11,NY11,1300,267,31,D000625,R,1
NY,11,NY11,1394,267,31,D000625,R,1
NY,12,NY12,1117,268,31,M000087,D,4
NY,12,NY12,1116,268,31,M000087,D,4
NY,12,NY12,1210,268,31,M000087,D,4
NY,12,NY12,1211,268,31,M000087,D,4
NY,12,NY12,1212,268,31,M000087,D,4
NY,13,NY13,1017,269,31,R000053,D,1
NY,13,NY13,1018,269,31,R000053,D,1
NY,13,NY13,1019,269,31,R000053,D,1
NY,13,NY13,924,269,31,R000053,D,1
NY,13,NY13,923,269,31,R000053,D,1
NY,14,NY14,1022,270,31,C001038,D,1
NY,14,NY14,1023,270,31,C001038,D,1
NY,14,NY14,930,270,31,C001038,D,1
NY,14,NY14,929,270,31,C001038,D,1
NY,14,NY14,928,270,31,C001038,D,1
NY,15,NY15,925,271,31,S000248,D,0
NY,15,NY15,926,271,31,S000248,D,0
NY,15,NY15,927,271,31,S000248,D,0
NY,15,NY15,1021,271,31,S000248,D,0
NY,15,NY15,1020,271,31,S000248,D,0
NY,16,NY16,738,272,31,E000179,D,1
NY,16,NY16,739,272,31,E000179,D,1
NY,16,NY16,740,272,31,E000179,D,1
NY,16,NY16,834,272,31,E000179,D,1
NY,16,NY16,833,272,31,E000179,D,1
NY,17,NY17,830,273,31,L000480,D,1
NY,17,NY17,831,273,31,L000480,D,1
NY,17,NY17,832,273,31,L000480,D,1
NY,17,NY17,737,273,31,L000480,D,1
NY,17,NY17,736,273,31,L000480,D,1
NY,18,NY18,549,274,31,M001185,D,1
NY,18,NY18,644,274,31,M001185,D,1
NY,18,NY18,454,274,31,M001185,D,1
NY,18,NY18,550,274,31,M001185,D,1
NY,18,NY18,645,274,31,M001185,D,1
NY,19,NY19,829,275,31,G000564,R,2
NY,19,NY19,735,275,31,G000564,R,2
NY,19,NY19,639,275,31,G000564,R,2
NY,19,NY19,640,275,31,G000564,R,2
NY,19,NY19,545,275,31,G000564,R,2
NY,20,NY20,452,276,31,T000469,D,2
NY,20,NY20,453,276,31,T000469,D,2
NY,20,NY20,548,276,31,T000469,D,2
NY,20,NY20,643,276,31,T000469,D,2
NY,20,NY20,642,276,31,T000469,D,2
NY,21,NY21,450,277,31,S001196,R,1
NY,21,NY21,546,277,31,S001196,R,1
NY,21,NY21,641,277,31,S001196,R,1
NY,21,NY21,451,277,31,S001196,R,1
NY,21,NY21,547,277,31,S001196,R,1
NY,22,NY22,922,278,31,H001051,R,1
NY,22,NY22,827,278,31,H001051,R,1
NY,22,NY22,733,278,31,H001051,R,1
NY,22,NY22,828,278,31,H001051,R,1
NY,22,NY22,734,278,31,H001051,R,1
NY,23,NY23,1297,279,31,R000585,R,1
NY,23,NY23,1391,279,31,R000585,R,1
NY,23,NY23,1201,279,31,R000585,R,1
NY,23,NY23,1296,279,31,R000585,R,1
NY,23,NY23,1390,279,31,R000585,R,1
NY,24,NY24,1015,280,31,K000386,R,1
NY,24,NY24,1016,280,31,K000386,R,1
NY,24,NY24,1112,280,31,K000386,R,1
NY,24,NY24,1111,280,31,K000386,R,1
NY,24,NY24,1206,280,31,K000386,R,1
NY,25,NY25,1014,281,31,S000480,D,2
NY,25,NY25,1110,281,31,S000480,D,2
NY,25,NY25,1109,281,31,S000480,D,2
NY,25,NY25,1013,281,31,S000480,D,2
NY,25,NY25,1204,281,31,S000480,D,2
NY,26,NY26,1202,282,31,H001038,D,1
NY,26,NY26,1107,282,31,H001038,D,1
NY,26,NY26,1011,282,31,H001038,D,1
NY,26,NY26,1012,282,31,H001038,D,1
NY,26,NY26,1108,282,31,H001038,D,1
NY,27,NY27,1299,283,31,C001092,R,1
NY,27,NY27,1393,283,31,C001092,R,1
NY,27,NY27,1203,283,31,C001092,R,1
NY,27,NY27,1298,283,31,C001092,R,1
NY,27,NY27,1392,283,31,C001092,R,1
NC,1,NC1,3198,284,32,B001251,D,1
NC,1,NC1,3197,284,32,B001251,D,1
NC,1,NC1,3104,284,32,B001251,D,1
NC,1,NC1,3103,284,32,B001251,D,1
NC,1,NC1,3102,284,32,B001251,D,1
NC,2,NC2,3576,285,32,E000291,R,1
NC,2,NC2,3670,285,32,E000291,R,1
NC,2,NC2,3765,285,32,E000291,R,1
NC,2,NC2,3671,285,32,E000291,R,1
NC,2,NC2,3766,285,32,E000291,R,1
NC,3,NC3,3389,286,32,J000255,R,1
NC,3,NC3,3390,286,32,J000255,R,1
NC,3,NC3,3294,286,32,J000255,R,1
NC,3,NC3,3199,286,32,J000255,R,1
NC,3,NC3,3200,286,32,J000255,R,1
NC,4,NC4,3480,287,32,P000523,D,2
NC,4,NC4,3481,287,32,P000523,D,2
NC,4,NC4,3386,287,32,P000523,D,2
NC,4,NC4,3291,287,32,P000523,D,2
NC,4,NC4,3290,287,32,P000523,D,2
NC,5,NC5,3190,288,32,F000450,R,1
NC,5,NC5,3191,288,32,F000450,R,1
NC,5,NC5,3192,288,32,F000450,R,1
NC,5,NC5,3096,288,32,F000450,R,1
NC,5,NC5,3095,288,32,F000450,R,1
NC,6,NC6,3099,289,32,W000819,R,1
NC,6,NC6,3100,289,32,W000819,R,1
NC,6,NC6,3101,289,32,W000819,R,1
NC,6,NC6,3196,289,32,W000819,R,1
NC,6,NC6,3195,289,32,W000819,R,1
NC,7,NC7,3577,290,32,R000603,R,1
NC,7,NC7,3672,290,32,R000603,R,1
NC,7,NC7,3578,290,32,R000603,R,1
NC,7,NC7,3483,290,32,R000603,R,1
NC,7,NC7,3579,290,32,R000603,R,1
NC,8,NC8,3478,291,32,H001067,R,1
NC,8,NC8,3574,291,32,H001067,R,1
NC,8,NC8,3669,291,32,H001067,R,1
NC,8,NC8,3479,291,32,H001067,R,1
NC,8,NC8,3575,291,32,H001067,R,1
NC,9,NC9,3383,292,32,P000606,R,1
NC,9,NC9,3384,292,32,P000606,R,1
NC,9,NC9,3385,292,32,P000606,R,1
NC,9,NC9,3289,292,32,P000606,R,1
NC,9,NC9,3288,292,32,P000606,R,1
NC,10,NC10,3380,293,32,M001156,R,2
NC,10,NC10,3381,293,32,M001156,R,2
NC,10,NC10,3382,293,32,M001156,R,2
NC,10,NC10,3286,293,32,M001156,R,2
NC,10,NC10,3285,293,32,M001156,R,2
NC,11,NC11,3377,294,32,M001187,R,1
NC,11,NC11,3379,294,32,M001187,R,1
NC,11,NC11,3378,294,32,M001187,R,1
NC,11,NC11,3283,294,32,M001187,R,1
NC,11,NC11,3284,294,32,M001187,R,1
NC,12,NC12,3287,295,32,A000370,D,1
NC,12,NC12,3193,295,32,A000370,D,1
NC,12,NC12,3097,295,32,A000370,D,1
NC,12,NC12,3098,295,32,A000370,D,1
NC,12,NC12,3194,295,32,A000370,D,1
NC,13,NC13,3482,296,32,H001065,R,1
NC,13,NC13,3387,296,32,H001065,R,1
NC,13,NC13,3388,296,32,H001065,R,1
NC,13,NC13,3292,296,32,H001065,R,1
NC,13,NC13,3293,296,32,H001065,R,1
ND,0,ND0,604,297,33,C001096,R,1
ND,0,ND0,603,297,33,C001096,R,1
ND,0,ND0,602,297,33,C001096,R,1
ND,0,ND0,698,297,33,C001096,R,1
ND,0,ND0,699,297,33,C001096,R,1
OH,1,OH1,2519,298,34,C000266,R,4
OH,1,OH1,2520,298,34,C000266,R,4
OH,1,OH1,2521,298,34,C000266,R,4
OH,1,OH1,2426,298,34,C000266,R,4
OH,1,OH1,2425,298,34,C000266,R,4
OH,2,OH2,2523,299,34,W000815,R,1
OH,2,OH2,2524,299,34,W000815,R,1
OH,2,OH2,2429,299,34,W000815,R,1
OH,2,OH2,2430,299,34,W000815,R,1
OH,2,OH2,2335,299,34,W000815,R,1
OH,3,OH3,2142,300,34,B001281,D,3
OH,3,OH3,2141,300,34,B001281,D,3
OH,3,OH3,2047,300,34,B001281,D,3
OH,3,OH3,2048,300,34,B001281,D,3
OH,3,OH3,2049,300,34,B001281,D,3
OH,4,OH4,1949,301,34,J000289,R,1
OH,4,OH4,2045,301,34,J000289,R,1
OH,4,OH4,2140,301,34,J000289,R,1
OH,4,OH4,1950,301,34,J000289,R,1
OH,4,OH4,2046,301,34,J000289,R,1
OH,5,OH5,1759,302,34,L000566,R,1
OH,5,OH5,1855,302,34,L000566,R,1
OH,5,OH5,1665,302,34,L000566,R,1
OH,5,OH5,1760,302,34,L000566,R,1
OH,5,OH5,1856,302,34,L000566,R,1
OH,6,OH6,2052,303,34,J000292,R,1
OH,6,OH6,2053,303,34,J000292,R,1
OH,6,OH6,2148,303,34,J000292,R,1
OH,6,OH6,2147,303,34,J000292,R,1
OH,6,OH6,2146,303,34,J000292,R,1
OH,7,OH7,2050,304,34,G000563,R,0
OH,7,OH7,2145,304,34,G000563,R,0
OH,7,OH7,2241,304,34,G000563,R,0
OH,7,OH7,2144,304,34,G000563,R,0
OH,7,OH7,2240,304,34,G000563,R,0
OH,8,OH8,2329,305,34,B000589,R,0
OH,8,OH8,2330,305,34,B000589,R,0
OH,8,OH8,2236,305,34,B000589,R,0
OH,8,OH8,2235,305,34,B000589,R,0
OH,8,OH8,2139,305,34,B000589,R,0
OH,9,OH9,1666,306,34,K000009,D,1
OH,9,OH9,1761,306,34,K000009,D,1
OH,9,OH9,1857,306,34,K000009,D,1
OH,9,OH9,1667,306,34,K000009,D,1
OH,9,OH9,1762,306,34,K000009,D,1
OH,10,OH10,2331,307,34,T000463,R,1
OH,10,OH10,2427,307,34,T000463,R,1
OH,10,OH10,2237,307,34,T000463,R,1
OH,10,OH10,2332,307,34,T000463,R,1
OH,10,OH10,2428,307,34,T000463,R,1
OH,11,OH11,1763,308,34,F000455,D,1
OH,11,OH11,1764,308,34,F000455,D,1
OH,11,OH11,1765,308,34,F000455,D,1
OH,11,OH11,1670,308,34,F000455,D,1
OH,11,OH11,1671,308,34,F000455,D,1
OH,12,OH12,1951,309,34,T000462,R,1
OH,12,OH12,1952,309,34,T000462,R,1
OH,12,OH12,1953,309,34,T000462,R,1
OH,12,OH12,1858,309,34,T000462,R,1
OH,12,OH12,1859,309,34,T000462,R,1
OH,13,OH13,1862,310,34,R000577,D,1
OH,13,OH13,1863,310,34,R000577,D,1
OH,13,OH13,1958,310,34,R000577,D,1
OH,13,OH13,1957,310,34,R000577,D,1
OH,13,OH13,1956,310,34,R000577,D,1
OH,14,OH14,1672,311,34,J000295,R,1
OH,14,OH14,1673,311,34,J000295,R,1
OH,14,OH14,1768,311,34,J000295,R,1
OH,14,OH14,1767,311,34,J000295,R,1
OH,14,OH14,1766,311,34,J000295,R,1
OH,15,OH15,2238,312,34,S001187,R,1
OH,15,OH15,2333,312,34,S001187,R,1
OH,15,OH15,2143,312,34,S001187,R,1
OH,15,OH15,2239,312,34,S001187,R,1
OH,15,OH15,2334,312,34,S001187,R,1
OH,16,OH16,1861,313,34,R000586,R,1
OH,16,OH16,1860,313,34,R000586,R,1
OH,16,OH16,1955,313,34,R000586,R,1
OH,16,OH16,2051,313,34,R000586,R,1
OH,16,OH16,1954,313,34,R000586,R,1
OK,1,OK1,3266,314,35,B001283,R,2
OK,1,OK1,3267,314,35,B001283,R,2
OK,1,OK1,3268,314,35,B001283,R,2
OK,1,OK1,3363,314,35,B001283,R,2
OK,1,OK1,3362,314,35,B001283,R,2
OK,2,OK2,3456,315,35,M001190,R,1
OK,2,OK2,3457,315,35,M001190,R,1
OK,2,OK2,3551,315,35,M001190,R,1
OK,2,OK2,3552,315,35,M001190,R,1
OK,2,OK2,3646,315,35,M001190,R,1
OK,3,OK3,3260,316,35,L000491,R,1
OK,3,OK3,3261,316,35,L000491,R,1
OK,3,OK3,3262,316,35,L000491,R,1
OK,3,OK3,3263,316,35,L000491,R,1
OK,3,OK3,3358,316,35,L000491,R,1
OK,4,OK4,3453,317,35,C001053,R,1
OK,4,OK4,3454,317,35,C001053,R,1
OK,4,OK4,3455,317,35,C001053,R,1
OK,4,OK4,3550,317,35,C001053,R,1
OK,4,OK4,3549,317,35,C001053,R,1
OK,5,OK5,3359,318,35,R000604,R,1
OK,5,OK5,3360,318,35,R000604,R,1
OK,5,OK5,3361,318,35,R000604,R,1
OK,5,OK5,3265,318,35,R000604,R,1
OK,5,OK5,3264,318,35,R000604,R,1
OR,1,OR1,1048,319,36,B001278,D,3
OR,1,OR1,1049,319,36,B001278,D,3
OR,1,OR1,1142,319,36,B001278,D,3
OR,1,OR1,1143,319,36,B001278,D,3
OR,1,OR1,1144,319,36,B001278,D,3
OR,2,OR2,1336,320,36,W000791,R,2
OR,2,OR2,1337,320,36,W000791,R,2
OR,2,OR2,1431,320,36,W000791,R,2
OR,2,OR2,1432,320,36,W000791,R,2
OR,2,OR2,1433,320,36,W000791,R,2
OR,3,OR3,1145,321,36,B000574,D,4
OR,3,OR3,1146,321,36,B000574,D,4
OR,3,OR3,1147,321,36,B000574,D,4
OR,3,OR3,1241,321,36,B000574,D,4
OR,3,OR3,1242,321,36,B000574,D,4
OR,4,OR4,1334,322,36,D000191,D,3
OR,4,OR4,1335,322,36,D000191,D,3
OR,4,OR4,1428,322,36,D000191,D,3
OR,4,OR4,1429,322,36,D000191,D,3
OR,4,OR4,1430,322,36,D000191,D,3
OR,5,OR5,1238,323,36,S001180,D,2
OR,5,OR5,1239,323,36,S001180,D,2
OR,5,OR5,1240,323,36,S001180,D,2
OR,5,OR5,1333,323,36,S001180,D,2
OR,5,OR5,1332,323,36,S001180,D,2
PA,1,PA1,2065,324,37,B001227,D,1
PA,1,PA1,2064,324,37,B001227,D,1
PA,1,PA1,2063,324,37,B001227,D,1
PA,1,PA1,2158,324,37,B001227,D,1
PA,1,PA1,2157,324,37,B001227,D,1
PA,2,PA2,1873,325,37,F000043,D,2
PA,2,PA2,1874,325,37,F000043,D,2
PA,2,PA2,1969,325,37,F000043,D,2
PA,2,PA2,1968,325,37,F000043,D,2
PA,2,PA2,1967,325,37,F000043,D,2
PA,3,PA3,1485,326,37,K000376,R,1
PA,3,PA3,1579,326,37,K000376,R,1
PA,3,PA3,1674,326,37,K000376,R,1
PA,3,PA3,1580,326,37,K000376,R,1
PA,3,PA3,1675,326,37,K000376,R,1
PA,4,PA4,2152,327,37,P000605,R,1
PA,4,PA4,2153,327,37,P000605,R,1
PA,4,PA4,2154,327,37,P000605,R,1
PA,4,PA4,2059,327,37,P000605,R,1
PA,4,PA4,2058,327,37,P000605,R,1
PA,5,PA5,1582,328,37,T000467,R,1
PA,5,PA5,1581,328,37,T000467,R,1
PA,5,PA5,1486,328,37,T000467,R,1
PA,5,PA5,1487,328,37,T000467,R,1
PA,5,PA5,1488,328,37,T000467,R,1
PA,6,PA6,1965,329,37,C001106,R,1
PA,6,PA6,1966,329,37,C001106,R,1
PA,6,PA6,1872,329,37,C001106,R,1
PA,6,PA6,1871,329,37,C001106,R,1
PA,6,PA6,1870,329,37,C001106,R,1
PA,7,PA7,2155,330,37,M001181,R,1
PA,7,PA7,2156,330,37,M001181,R,1
PA,7,PA7,2062,330,37,M001181,R,1
PA,7,PA7,2061,330,37,M001181,R,1
PA,7,PA7,2060,330,37,M001181,R,1
PA,8,PA8,1588,331,37,F000451,R,1
PA,8,PA8,1589,331,37,F000451,R,1
PA,8,PA8,1590,331,37,F000451,R,1
PA,8,PA8,1495,331,37,F000451,R,1
PA,8,PA8,1494,331,37,F000451,R,1
PA,9,PA9,1960,332,37,S001154,R,1
PA,9,PA9,2056,332,37,S001154,R,1
PA,9,PA9,2151,332,37,S001154,R,1
PA,9,PA9,1961,332,37,S001154,R,1
PA,9,PA9,2057,332,37,S001154,R,1
PA,10,PA10,1583,333,37,M001179,R,1
PA,10,PA10,1584,333,37,M001179,R,1
PA,10,PA10,1585,333,37,M001179,R,1
PA,10,PA10,1490,333,37,M001179,R,1
PA,10,PA10,1489,333,37,M001179,R,1
PA,11,PA11,1773,334,37,B001269,R,1
PA,11,PA11,1774,334,37,B001269,R,1
PA,11,PA11,1680,334,37,B001269,R,1
PA,11,PA11,1679,334,37,B001269,R,1
PA,11,PA11,1678,334,37,B001269,R,1
PA,12,PA12,1676,335,37,R000598,R,1
PA,12,PA12,1771,335,37,R000598,R,1
PA,12,PA12,1867,335,37,R000598,R,1
PA,12,PA12,1677,335,37,R000598,R,1
PA,12,PA12,1772,335,37,R000598,R,1
PA,13,PA13,1683,336,37,B001296,D,1
PA,13,PA13,1684,336,37,B001296,D,1
PA,13,PA13,1685,336,37,B001296,D,1
PA,13,PA13,1779,336,37,B001296,D,1
PA,13,PA13,1778,336,37,B001296,D,1
PA,14,PA14,1866,337,37,D000482,D,2
PA,14,PA14,1865,337,37,D000482,D,2
PA,14,PA14,1864,337,37,D000482,D,2
PA,14,PA14,1769,337,37,D000482,D,2
PA,14,PA14,1770,337,37,D000482,D,2
PA,15,PA15,1775,338,37,D000604,R,1
PA,15,PA15,1776,338,37,D000604,R,1
PA,15,PA15,1777,338,37,D000604,R,1
PA,15,PA15,1682,338,37,D000604,R,1
PA,15,PA15,1681,338,37,D000604,R,1
PA,16,PA16,1962,339,37,P000373,R,1
PA,16,PA16,1963,339,37,P000373,R,1
PA,16,PA16,1964,339,37,P000373,R,1
PA,16,PA16,1869,339,37,P000373,R,1
PA,16,PA16,1868,339,37,P000373,R,1
PA,17,PA17,1586,340,37,C001090,D,1
PA,17,PA17,1587,340,37,C001090,D,1
PA,17,PA17,1493,340,37,C001090,D,1
PA,17,PA17,1492,340,37,C001090,D,1
PA,17,PA17,1491,340,37,C001090,D,1
PA,18,PA18,2054,341,37,M001151,R,1
PA,18,PA18,2149,341,37,M001151,R,1
PA,18,PA18,1959,341,37,M001151,R,1
PA,18,PA18,2055,341,37,M001151,R,1
PA,18,PA18,2150,341,37,M001151,R,1
RI,1,RI1,1223,342,38,C001084,D,1
RI,1,RI1,1318,342,38,C001084,D,1
RI,1,RI1,1319,342,38,C001084,D,1
RI,1,RI1,1413,342,38,C001084,D,1
RI,1,RI1,1509,342,38,C001084,D,1
RI,2,RI2,1507,343,38,L000559,D,1
RI,2,RI2,1412,343,38,L000559,D,1
RI,2,RI2,1508,343,38,L000559,D,1
RI,2,RI2,1222,343,38,L000559,D,1
RI,2,RI2,1317,343,38,L000559,D,1
SC,1,SC1,4045,344,39,S000051,R,1
SC,1,SC1,4046,344,39,S000051,R,1
SC,1,SC1,3950,344,39,S000051,R,1
SC,1,SC1,3951,344,39,S000051,R,1
SC,1,SC1,3952,344,39,S000051,R,1
SC,2,SC2,3759,345,39,W000795,R,1
SC,2,SC2,3854,345,39,W000795,R,1
SC,2,SC2,3664,345,39,W000795,R,1
SC,2,SC2,3760,345,39,W000795,R,1
SC,2,SC2,3855,345,39,W000795,R,1
SC,3,SC3,3472,346,39,D000615,R,1
SC,3,SC3,3568,346,39,D000615,R,1
SC,3,SC3,3663,346,39,D000615,R,1
SC,3,SC3,3473,346,39,D000615,R,1
SC,3,SC3,3569,346,39,D000615,R,1
SC,4,SC4,3570,347,39,G000566,R,1
SC,4,SC4,3571,347,39,G000566,R,1
SC,4,SC4,3476,347,39,G000566,R,1
SC,4,SC4,3475,347,39,G000566,R,1
SC,4,SC4,3474,347,39,G000566,R,1
SC,5,SC5,3572,348,39,M001182,R,1
SC,5,SC5,3667,348,39,M001182,R,1
SC,5,SC5,3477,348,39,M001182,R,1
SC,5,SC5,3573,348,39,M001182,R,1
SC,5,SC5,3668,348,39,M001182,R,1
SC,6,SC6,3665,349,39,C000537,D,1
SC,6,SC6,3761,349,39,C000537,D,1
SC,6,SC6,3856,349,39,C000537,D,1
SC,6,SC6,3666,349,39,C000537,D,1
SC,6,SC6,3762,349,39,C000537,D,1
SC,7,SC7,3953,350,39,R000597,R,1
SC,7,SC7,3857,350,39,R000597,R,1
SC,7,SC7,3858,350,39,R000597,R,1
SC,7,SC7,3763,350,39,R000597,R,1
SC,7,SC7,3764,350,39,R000597,R,1
SD,0,SD0,792,351,40,N000184,R,1
SD,0,SD0,793,351,40,N000184,R,1
SD,0,SD0,794,351,40,N000184,R,1
SD,0,SD0,889,351,40,N000184,R,1
SD,0,SD0,888,351,40,N000184,R,1
TN,1,TN1,3282,352,41,R000582,R,1
TN,1,TN1,3188,352,41,R000582,R,1
TN,1,TN1,3093,352,41,R000582,R,1
TN,1,TN1,3094,352,41,R000582,R,1
TN,1,TN1,3189,352,41,R000582,R,1
TN,2,TN2,3186,353,41,D000533,R,1
TN,2,TN2,3187,353,41,D000533,R,1
TN,2,TN2,3092,353,41,D000533,R,1
TN,2,TN2,3091,353,41,D000533,R,1
TN,2,TN2,3090,353,41,D000533,R,1
TN,3,TN3,3279,354,41,F000459,R,1
TN,3,TN3,3280,354,41,F000459,R,1
TN,3,TN3,3281,354,41,F000459,R,1
TN,3,TN3,3376,354,41,F000459,R,1
TN,3,TN3,3375,354,41,F000459,R,1
TN,4,TN4,3372,355,41,D000616,R,1
TN,4,TN4,3373,355,41,D000616,R,1
TN,4,TN4,3374,355,41,D000616,R,1
TN,4,TN4,3278,355,41,D000616,R,1
TN,4,TN4,3277,355,41,D000616,R,1
TN,5,TN5,3085,356,41,C000754,D,1
TN,5,TN5,3086,356,41,C000754,D,1
TN,5,TN5,3087,356,41,C000754,D,1
TN,5,TN5,3182,356,41,C000754,D,1
TN,5,TN5,3181,356,41,C000754,D,1
TN,6,TN6,3183,357,41,B001273,R,1
TN,6,TN6,3184,357,41,B001273,R,1
TN,6,TN6,3185,357,41,B001273,R,1
TN,6,TN6,3089,357,41,B001273,R,1
TN,6,TN6,3088,357,41,B001273,R,1
TN,7,TN7,3274,358,41,B001243,R,1
TN,7,TN7,3275,358,41,B001243,R,1
TN,7,TN7,3276,358,41,B001243,R,1
TN,7,TN7,3371,358,41,B001243,R,1
TN,7,TN7,3370,358,41,B001243,R,1
TN,8,TN8,3178,359,41,F000458,R,1
TN,8,TN8,3179,359,41,F000458,R,1
TN,8,TN8,3180,359,41,F000458,R,1
TN,8,TN8,3084,359,41,F000458,R,1
TN,8,TN8,3083,359,41,F000458,R,1
TN,9,TN9,3367,360,41,C001068,D,1
TN,9,TN9,3368,360,41,C001068,D,1
TN,9,TN9,3369,360,41,C001068,D,1
TN,9,TN9,3273,360,41,C001068,D,1
TN,9,TN9,3272,360,41,C001068,D,1
TX,1,TX1,3834,361,42,G000552,R,1
TX,1,TX1,3835,361,42,G000552,R,1
TX,1,TX1,3836,361,42,G000552,R,1
TX,1,TX1,3930,361,42,G000552,R,1
TX,1,TX1,3931,361,42,G000552,R,1
TX,2,TX2,3926,362,42,P000592,R,1
TX,2,TX2,3927,362,42,P000592,R,1
TX,2,TX2,4021,362,42,P000592,R,1
TX,2,TX2,4022,362,42,P000592,R,1
TX,2,TX2,4023,362,42,P000592,R,1
TX,3,TX3,3450,363,42,J000174,R,1
TX,3,TX3,3451,363,42,J000174,R,1
TX,3,TX3,3452,363,42,J000174,R,1
TX,3,TX3,3357,363,42,J000174,R,1
TX,3,TX3,3356,363,42,J000174,R,1
TX,4,TX4,3644,364,42,R000601,R,1
TX,4,TX4,3645,364,42,R000601,R,1
TX,4,TX4,3739,364,42,R000601,R,1
TX,4,TX4,3740,364,42,R000601,R,1
TX,4,TX4,3741,364,42,R000601,R,1
TX,5,TX5,3547,365,42,H001036,R,1
TX,5,TX5,3548,365,42,H001036,R,1
TX,5,TX5,3642,365,42,H001036,R,1
TX,5,TX5,3738,365,42,H001036,R,1
TX,5,TX5,3643,365,42,H001036,R,1
TX,6,TX6,4018,366,42,B000213,R,0
TX,6,TX6,4019,366,42,B000213,R,0
TX,6,TX6,4020,366,42,B000213,R,0
TX,6,TX6,3925,366,42,B000213,R,0
TX,6,TX6,3924,366,42,B000213,R,0
TX,7,TX7,4494,367,42,C001048,R,1
TX,7,TX7,4495,367,42,C001048,R,1
TX,7,TX7,4588,367,42,C001048,R,1
TX,7,TX7,4589,367,42,C001048,R,1
TX,7,TX7,4590,367,42,C001048,R,1
TX,8,TX8,3831,368,42,B000755,R,1
TX,8,TX8,3832,368,42,B000755,R,1
TX,8,TX8,3833,368,42,B000755,R,1
TX,8,TX8,3928,368,42,B000755,R,1
TX,8,TX8,3929,368,42,B000755,R,1
TX,9,TX9,4496,369,42,G000553,D,1
TX,9,TX9,4401,369,42,G000553,D,1
TX,9,TX9,4402,369,42,G000553,D,1
TX,9,TX9,4306,369,42,G000553,D,1
TX,9,TX9,4307,369,42,G000553,D,1
TX,10,TX10,4304,370,42,M001157,R,1
TX,10,TX10,4305,370,42,M001157,R,1
TX,10,TX10,4398,370,42,M001157,R,1
TX,10,TX10,4399,370,42,M001157,R,1
TX,10,TX10,4400,370,42,M001157,R,1
TX,11,TX11,3728,371,42,C001062,R,1
TX,11,TX11,3729,371,42,C001062,R,1
TX,11,TX11,3730,371,42,C001062,R,1
TX,11,TX11,3822,371,42,C001062,R,1
TX,11,TX11,3823,371,42,C001062,R,1
TX,12,TX12,3824,372,42,G000377,R,2
TX,12,TX12,3825,372,42,G000377,R,2
TX,12,TX12,3920,372,42,G000377,R,2
TX,12,TX12,4014,372,42,G000377,R,2
TX,12,TX12,4015,372,42,G000377,R,2
TX,13,TX13,3445,373,42,T000238,R,1
TX,13,TX13,3447,373,42,T000238,R,1
TX,13,TX13,3446,373,42,T000238,R,1
TX,13,TX13,3351,373,42,T000238,R,1
TX,13,TX13,3352,373,42,T000238,R,1
TX,14,TX14,4308,374,42,W000814,R,1
TX,14,TX14,4403,374,42,W000814,R,1
TX,14,TX14,4309,374,42,W000814,R,1
TX,14,TX14,4214,374,42,W000814,R,1
TX,14,TX14,4215,374,42,W000814,R,1
TX,15,TX15,4683,375,42,H000636,D,0
TX,15,TX15,4684,375,42,H000636,D,0
TX,15,TX15,4685,375,42,H000636,D,0
TX,15,TX15,4778,375,42,H000636,D,0
TX,15,TX15,4779,375,42,H000636,D,0
TX,16,TX16,3820,376,42,O000170,D,1
TX,16,TX16,3821,376,42,O000170,D,1
TX,16,TX16,3916,376,42,O000170,D,1
TX,16,TX16,3917,376,42,O000170,D,1
TX,16,TX16,4011,376,42,O000170,D,1
TX,17,TX17,4207,377,42,F000461,R,1
TX,17,TX17,4208,377,42,F000461,R,1
TX,17,TX17,4112,377,42,F000461,R,1
TX,17,TX17,4113,377,42,F000461,R,1
TX,17,TX17,4114,377,42,F000461,R,1
TX,18,TX18,4209,378,42,J000032,D,1
TX,18,TX18,4210,378,42,J000032,D,1
TX,18,TX18,4211,378,42,J000032,D,1
TX,18,TX18,4116,378,42,J000032,D,1
TX,18,TX18,4115,378,42,J000032,D,1
TX,19,TX19,3635,379,42,N000182,R,1
TX,19,TX19,3636,379,42,N000182,R,1
TX,19,TX19,3637,379,42,N000182,R,1
TX,19,TX19,3542,379,42,N000182,R,1
TX,19,TX19,3541,379,42,N000182,R,1
TX,20,TX20,4299,380,42,C001091,D,1
TX,20,TX20,4300,380,42,C001091,D,1
TX,20,TX20,4394,380,42,C001091,D,1
TX,20,TX20,4395,380,42,C001091,D,1
TX,20,TX20,4490,380,42,C001091,D,1
TX,21,TX21,4108,381,42,S000583,R,3
TX,21,TX21,4109,381,42,S000583,R,3
TX,21,TX21,4202,381,42,S000583,R,3
TX,21,TX21,4203,381,42,S000583,R,3
TX,21,TX21,4298,381,42,S000583,R,3
TX,22,TX22,4591,382,42,O000168,R,1
TX,22,TX22,4687,382,42,O000168,R,1
TX,22,TX22,4592,382,42,O000168,R,1
TX,22,TX22,4497,382,42,O000168,R,1
TX,22,TX22,4498,382,42,O000168,R,1
TX,23,TX23,4107,383,42,H001073,R,0
TX,23,TX23,4012,383,42,H001073,R,0
TX,23,TX23,3918,383,42,H001073,R,0
TX,23,TX23,3919,383,42,H001073,R,0
TX,23,TX23,4013,383,42,H001073,R,0
TX,24,TX24,3543,384,42,M001158,R,1
TX,24,TX24,3544,384,42,M001158,R,1
TX,24,TX24,3545,384,42,M001158,R,1
TX,24,TX24,3638,384,42,M001158,R,1
TX,24,TX24,3639,384,42,M001158,R,1
TX,25,TX25,4016,385,42,W000816,R,1
TX,25,TX25,4017,385,42,W000816,R,1
TX,25,TX25,3921,385,42,W000816,R,1
TX,25,TX25,3922,385,42,W000816,R,1
TX,25,TX25,3923,385,42,W000816,R,1
TX,26,TX26,3353,386,42,B001248,R,2
TX,26,TX26,3354,386,42,B001248,R,2
TX,26,TX26,3355,386,42,B001248,R,2
TX,26,TX26,3448,386,42,B001248,R,2
TX,26,TX26,3449,386,42,B001248,R,2
TX,27,TX27,4875,387,42,F000460,R,1
TX,27,TX27,4876,387,42,F000460,R,1
TX,27,TX27,4780,387,42,F000460,R,1
TX,27,TX27,4781,387,42,F000460,R,1
TX,27,TX27,4686,387,42,F000460,R,1
TX,28,TX28,4491,388,42,C001063,D,1
TX,28,TX28,4492,388,42,C001063,D,1
TX,28,TX28,4493,388,42,C001063,D,1
TX,28,TX28,4586,388,42,C001063,D,1
TX,28,TX28,4587,388,42,C001063,D,1
TX,29,TX29,4119,389,42,G000410,D,1
TX,29,TX29,4118,389,42,G000410,D,1
TX,29,TX29,4117,389,42,G000410,D,1
TX,29,TX29,4212,389,42,G000410,D,1
TX,29,TX29,4213,389,42,G000410,D,1
TX,30,TX30,3828,390,42,J000126,D,1
TX,30,TX30,3829,390,42,J000126,D,1
TX,30,TX30,3830,390,42,J000126,D,1
TX,30,TX30,3735,390,42,J000126,D,1
TX,30,TX30,3734,390,42,J000126,D,1
TX,31,TX31,4110,391,42,C001051,R,1
TX,31,TX31,4111,391,42,C001051,R,1
TX,31,TX31,4204,391,42,C001051,R,1
TX,31,TX31,4205,391,42,C001051,R,1
TX,31,TX31,4206,391,42,C001051,R,1
TX,32,TX32,3546,392,42,S000250,R,1
TX,32,TX32,3640,392,42,S000250,R,1
TX,32,TX32,3641,392,42,S000250,R,1
TX,32,TX32,3736,392,42,S000250,R,1
TX,32,TX32,3737,392,42,S000250,R,1
TX,33,TX33,3826,393,42,V000131,D,1
TX,33,TX33,3827,393,42,V000131,D,1
TX,33,TX33,3731,393,42,V000131,D,1
TX,33,TX33,3732,393,42,V000131,D,1
TX,33,TX33,3733,393,42,V000131,D,1
TX,34,TX34,4874,394,42,V000132,D,1
TX,34,TX34,4969,394,42,V000132,D,1
TX,34,TX34,4970,394,42,V000132,D,1
TX,34,TX34,5065,394,42,V000132,D,1
TX,34,TX34,5066,394,42,V000132,D,1
TX,35,TX35,4301,395,42,D000399,D,2
TX,35,TX35,4302,395,42,D000399,D,2
TX,35,TX35,4303,395,42,D000399,D,2
TX,35,TX35,4396,395,42,D000399,D,2
TX,35,TX35,4397,395,42,D000399,D,2
TX,36,TX36,4024,396,42,B001291,R,0
TX,36,TX36,4025,396,42,B001291,R,0
TX,36,TX36,4120,396,42,B001291,R,0
TX,36,TX36,4121,396,42,B001291,R,0
TX,36,TX36,4122,396,42,B001291,R,0
UT,1,UT1,2773,397,43,B001250,R,1
UT,1,UT1,2774,397,43,B001250,R,1
UT,1,UT1,2868,397,43,B001250,R,1
UT,1,UT1,2869,397,43,B001250,R,1
UT,1,UT1,2963,397,43,B001250,R,1
UT,2,UT2,3058,398,43,S001192,R,2
UT,2,UT2,3059,398,43,S001192,R,2
UT,2,UT2,3153,398,43,S001192,R,2
UT,2,UT2,3154,398,43,S001192,R,2
UT,2,UT2,3248,398,43,S001192,R,2
UT,3,UT3,3155,399,43,C001076,R,1
UT,3,UT3,3156,399,43,C001076,R,1
UT,3,UT3,3249,399,43,C001076,R,1
UT,3,UT3,3250,399,43,C001076,R,1
UT,3,UT3,3251,399,43,C001076,R,1
UT,4,UT4,2964,400,43,L000584,R,1
UT,4,UT4,2965,400,43,L000584,R,1
UT,4,UT4,2966,400,43,L000584,R,1
UT,4,UT4,3060,400,43,L000584,R,1
UT,4,UT4,3061,400,43,L000584,R,1
VT,0,VT0,456,401,44,W000800,D,8
VT,0,VT0,455,401,44,W000800,D,8
VT,0,VT0,551,401,44,W000800,D,8
VT,0,VT0,646,401,44,W000800,D,8
VT,0,VT0,741,401,44,W000800,D,8
VA,1,VA1,3003,402,45,W000804,R,1
VA,1,VA1,2908,402,45,W000804,R,1
VA,1,VA1,2909,402,45,W000804,R,1
VA,1,VA1,2815,402,45,W000804,R,1
VA,1,VA1,2814,402,45,W000804,R,1
VA,2,VA2,3012,403,45,R000589,R,1
VA,2,VA2,3106,403,45,R000589,R,1
VA,2,VA2,2916,403,45,R000589,R,1
VA,2,VA2,2917,403,45,R000589,R,1
VA,2,VA2,2822,403,45,R000589,R,1
VA,3,VA3,3010,404,45,S000185,D,1
VA,3,VA3,3009,404,45,S000185,D,1
VA,3,VA3,3008,404,45,S000185,D,1
VA,3,VA3,2912,404,45,S000185,D,1
VA,3,VA3,3007,404,45,S000185,D,1
VA,4,VA4,2910,405,45,F000445,R,1
VA,4,VA4,2911,405,45,F000445,R,1
VA,4,VA4,3006,405,45,F000445,R,1
VA,4,VA4,3004,405,45,F000445,R,1
VA,4,VA4,3005,405,45,F000445,R,1
VA,5,VA5,3001,406,45,H001060,R,1
VA,5,VA5,3000,406,45,H001060,R,1
VA,5,VA5,2905,406,45,H001060,R,1
VA,5,VA5,2810,406,45,H001060,R,1
VA,5,VA5,2811,406,45,H001060,R,1
VA,6,VA6,2809,407,45,G000289,R,1
VA,6,VA6,2904,407,45,G000289,R,1
VA,6,VA6,2903,407,45,G000289,R,1
VA,6,VA6,2999,407,45,G000289,R,1
VA,6,VA6,2998,407,45,G000289,R,1
VA,7,VA7,3002,408,45,B001290,R,1
VA,7,VA7,2906,408,45,B001290,R,1
VA,7,VA7,2907,408,45,B001290,R,1
VA,7,VA7,2812,408,45,B001290,R,1
VA,7,VA7,2813,408,45,B001290,R,1
VA,8,VA8,2816,409,45,B001292,D,2
VA,8,VA8,2720,409,45,B001292,D,2
VA,8,VA8,2625,409,45,B001292,D,2
VA,8,VA8,2626,409,45,B001292,D,2
VA,8,VA8,2721,409,45,B001292,D,2
VA,9,VA9,2902,410,45,G000568,R,2
VA,9,VA9,2901,410,45,G000568,R,2
VA,9,VA9,2997,410,45,G000568,R,2
VA,9,VA9,2996,410,45,G000568,R,2
VA,9,VA9,2995,410,45,G000568,R,2
VA,10,VA10,2528,411,45,C001105,R,1
VA,10,VA10,2529,411,45,C001105,R,1
VA,10,VA10,2530,411,45,C001105,R,1
VA,10,VA10,2435,411,45,C001105,R,1
VA,10,VA10,2434,411,45,C001105,R,1
VA,11,VA11,2624,412,45,C001078,D,2
VA,11,VA11,2623,412,45,C001078,D,2
VA,11,VA11,2718,412,45,C001078,D,2
VA,11,VA11,2719,412,45,C001078,D,2
VA,11,VA11,2717,412,45,C001078,D,2
WA,1,WA1,484,413,46,D000617,D,2
WA,1,WA1,578,413,46,D000617,D,2
WA,1,WA1,579,413,46,D000617,D,2
WA,1,WA1,673,413,46,D000617,D,2
WA,1,WA1,674,413,46,D000617,D,2
WA,2,WA2,482,414,46,L000560,D,4
WA,2,WA2,483,414,46,L000560,D,4
WA,2,WA2,576,414,46,L000560,D,4
WA,2,WA2,577,414,46,L000560,D,4
WA,2,WA2,672,414,46,L000560,D,4
WA,3,WA3,857,415,46,H001056,R,2
WA,3,WA3,858,415,46,H001056,R,2
WA,3,WA3,859,415,46,H001056,R,2
WA,3,WA3,952,415,46,H001056,R,2
WA,3,WA3,953,415,46,H001056,R,2
WA,4,WA4,957,416,46,N000189,R,1
WA,4,WA4,958,416,46,N000189,R,1
WA,4,WA4,1052,416,46,N000189,R,1
WA,4,WA4,1053,416,46,N000189,R,1
WA,4,WA4,1054,416,46,N000189,R,1
WA,5,WA5,767,417,46,M001159,R,1
WA,5,WA5,768,417,46,M001159,R,1
WA,5,WA5,863,417,46,M001159,R,1
WA,5,WA5,864,417,46,M001159,R,1
WA,5,WA5,959,417,46,M001159,R,1
WA,6,WA6,571,418,46,K000381,D,3
WA,6,WA6,572,418,46,K000381,D,3
WA,6,WA6,667,418,46,K000381,D,3
WA,6,WA6,668,418,46,K000381,D,3
WA,6,WA6,762,418,46,K000381,D,3
WA,7,WA7,574,419,46,M000404,D,6
WA,7,WA7,575,419,46,M000404,D,6
WA,7,WA7,479,419,46,M000404,D,6
WA,7,WA7,480,419,46,M000404,D,6
WA,7,WA7,481,419,46,M000404,D,6
WA,8,WA8,765,420,46,R000578,R,2
WA,8,WA8,766,420,46,R000578,R,2
WA,8,WA8,861,420,46,R000578,R,2
WA,8,WA8,862,420,46,R000578,R,2
WA,8,WA8,956,420,46,R000578,R,2
WA,9,WA9,669,421,46,S000510,D,2
WA,9,WA9,670,421,46,S000510,D,2
WA,9,WA9,671,421,46,S000510,D,2
WA,9,WA9,763,421,46,S000510,D,2
WA,9,WA9,764,421,46,S000510,D,2
WA,10,WA10,860,422,46,H001064,D,3
WA,10,WA10,954,422,46,H001064,D,3
WA,10,WA10,955,422,46,H001064,D,3
WA,10,WA10,1050,422,46,H001064,D,3
WA,10,WA10,1051,422,46,H001064,D,3
WV,1,WV1,2336,423,47,M001180,R,2
WV,1,WV1,2431,423,47,M001180,R,2
WV,1,WV1,2525,423,47,M001180,R,2
WV,1,WV1,2526,423,47,M001180,R,2
WV,1,WV1,2622,423,47,M001180,R,2
WV,2,WV2,2339,424,47,M001195,R,1
WV,2,WV2,2338,424,47,M001195,R,1
WV,2,WV2,2433,424,47,M001195,R,1
WV,2,WV2,2432,424,47,M001195,R,1
WV,2,WV2,2527,424,47,M001195,R,1
WV,3,WV3,2620,425,47,J000297,R,2
WV,3,WV3,2621,425,47,J000297,R,2
WV,3,WV3,2716,425,47,J000297,R,2
WV,3,WV3,2715,425,47,J000297,R,2
WV,3,WV3,2714,425,47,J000297,R,2
WI,1,WI1,1469,426,48,R000570,R,1
WI,1,WI1,1468,426,48,R000570,R,1
WI,1,WI1,1467,426,48,R000570,R,1
WI,1,WI1,1372,426,48,R000570,R,1
WI,1,WI1,1373,426,48,R000570,R,1
WI,2,WI2,1371,427,48,P000607,D,2
WI,2,WI2,1466,427,48,P000607,D,2
WI,2,WI2,1465,427,48,P000607,D,2
WI,2,WI2,1370,427,48,P000607,D,2
WI,2,WI2,1275,427,48,P000607,D,2
WI,3,WI3,990,428,48,K000188,D,2
WI,3,WI3,1085,428,48,K000188,D,2
WI,3,WI3,1179,428,48,K000188,D,2
WI,3,WI3,989,428,48,K000188,D,2
WI,3,WI3,1084,428,48,K000188,D,2
WI,4,WI4,1089,429,48,M001160,D,2
WI,4,WI4,1183,429,48,M001160,D,2
WI,4,WI4,1278,429,48,M001160,D,2
WI,4,WI4,1184,429,48,M001160,D,2
WI,4,WI4,1279,429,48,M001160,D,2
WI,5,WI5,1276,430,48,S000244,R,1
WI,5,WI5,1277,430,48,S000244,R,1
WI,5,WI5,1182,430,48,S000244,R,1
WI,5,WI5,1181,430,48,S000244,R,1
WI,5,WI5,1180,430,48,S000244,R,1
WI,6,WI6,1088,431,48,G000576,R,1
WI,6,WI6,1087,431,48,G000576,R,1
WI,6,WI6,1086,431,48,G000576,R,1
WI,6,WI6,991,431,48,G000576,R,1
WI,6,WI6,992,431,48,G000576,R,1
WI,7,WI7,895,432,48,D000614,R,1
WI,7,WI7,896,432,48,D000614,R,1
WI,7,WI7,800,432,48,D000614,R,1
WI,7,WI7,801,432,48,D000614,R,1
WI,7,WI7,802,432,48,D000614,R,1
WI,8,WI8,897,433,48,R000587,R,1
WI,8,WI8,898,433,48,R000587,R,1
WI,8,WI8,899,433,48,R000587,R,1
WI,8,WI8,993,433,48,R000587,R,1
WI,8,WI8,994,433,48,R000587,R,1
WY,0,WY0,677,434,49,L000571,R,1
WY,0,WY0,678,434,49,L000571,R,1
WY,0,WY0,679,434,49,L000571,R,1
WY,0,WY0,773,434,49,L000571,R,1
WY,0,WY0,772,434,49,L000571,R,1