statecd,districtID,Clinton2016,Trump2016,Obama2012,Romney2012,Margin2016,Margin2012,MarginChange,HouseDem,HouseRep,HouseMargin,HousePresMargin
AL1,0,34.1,63.5,37.39,61.8,-29.4,-24.41,-4.99,0,96.38246724,-96.38246724,66.98246724
AL2,1,33,64.9,36.4,62.9,-31.9,-26.5,-5.4,40.52620542,48.76854771,-8.24234229,-23.65765771
AL3,2,32.3,65.3,36.8,62.3,-33,-25.5,-7.5,32.9319689,66.93184351,-33.99987461,0.9998746099
AL4,3,17.4,80.4,24,74.8,-63,-50.8,-12.2,0,98.5303453,-98.5303453,35.5303453
AL5,4,31.3,64.7,34.9,63.9,-33.4,-29,-4.4,33.15776159,66.69791065,-33.54014906,0.140149063
AL6,5,26.1,70.8,24.7,74.3,-44.7,-49.6,4.9,25.41982229,74.49393573,-49.07411344,4.374113439
AL7,6,69.8,28.6,72.4,27.1,41.2,45.3,-4.1,98.41306624,0,98.41306624,-57.21306624
AK0,7,37.6,52.8,41.2,55.3,-15.2,-14.1,-1.1,36.02197289,50.3208976,-14.29892472,-0.9010752828
AZ1,8,46.6,47.7,47.9,50.4,-1.1,-2.5,1.4,50.66403049,43.37038225,7.293648249,-8.393648249
AZ2,9,49.6,44.7,48.4,49.9,4.9,-1.5,6.4,43.04150735,56.95849265,-13.91698529,18.81698529
AZ3,10,62.4,32.5,61.4,36.9,29.9,24.5,5.4,88.0793449,0,88.0793449,-58.1793449
AZ4,11,27.5,67.7,31,67.2,-40.2,-36.2,-4,28.5466478,71.4533522,-42.9067044,2.706704403
AZ5,12,36.5,57.6,34.6,63.8,-21.1,-29.2,8.1,35.90483688,64.09516312,-28.19032625,7.090326249
AZ6,13,42.4,52.4,38.8,59.5,-10,-20.7,10.7,37.86970941,62.13029059,-24.26058118,14.26058118
AZ7,14,71.8,22.6,71.7,26.5,49.2,45.2,4,75.22463809,24.73758115,50.48705694,-1.287056942
AZ8,15,37,58.1,36.9,61.7,-21.1,-24.8,3.7,0,68.54912349,-68.54912349,47.44912349
AZ9,16,54.7,38.4,51.1,46.6,16.3,4.5,11.8,60.91918402,39.04406015,21.87512387,-5.575123871
AR1,17,30.2,65,36.3,61,-34.8,-24.7,-10.1,0,76.27807025,-76.27807025,41.47807025
AR2,18,41.7,52.4,42.9,54.7,-10.7,-11.8,1.1,36.81330671,58.34479475,-21.53148804,10.83148804
AR3,19,30.5,61.9,31.6,65.5,-31.4,-33.9,2.5,0,77.31811596,-77.31811596,45.91811596
AR4,20,31.3,64.2,35.9,61.8,-32.9,-25.9,-7,0,74.90405842,-74.90405842,42.00405842
CA1,21,36.5,56.2,40.3,56.6,-19.7,-16.3,-3.4,40.94689781,59.05310219,-18.10620438,-1.593795616
CA2,22,69,23.3,69,27,45.7,42,3.7,76.85009947,23.14990053,53.70019893,-8.000198932
CA3,23,53,40.4,54.3,43.1,12.6,11.2,1.4,59.35143171,40.64856829,18.70286341,-6.102863414
CA4,24,39.3,54,39.5,57.9,-14.7,-18.4,3.7,37.28011442,62.71988558,-25.43977115,10.73977115
CA5,25,69.2,24.3,69.7,27.5,44.9,42.2,2.7,76.86851016,23.13148984,53.73702031,-8.837020312
CA6,26,69.2,24.4,69.1,28.3,44.8,40.8,4,75.4270155,24.5729845,50.854031,-6.054031001
CA7,27,52.3,40.9,50.8,46.8,11.4,4,7.4,51.17137177,48.82862823,2.342743549,9.057256451
CA8,28,39.6,54.7,41.7,55.6,-15.1,-13.9,-1.2,37.74198094,62.25801906,-24.51603813,9.416038126
CA9,29,56.6,38,57.8,40.1,18.6,17.7,0.9,57.35952273,42.64047727,14.71904547,3.880954535
CA10,30,48.5,45.5,50.6,47,3,3.6,-0.6,48.29954259,51.70045741,-3.400914817,6.400914817
CA11,31,71.5,22.7,67.6,30,48.8,37.6,11.2,72.05282201,27.94717799,44.10564403,4.694355972
CA12,32,86.2,8.7,84.1,12.5,77.5,71.6,5.9,80.87326064,0,80.87326064,-3.373260635
CA13,33,87.4,6.8,87.5,9,80.6,78.5,2.1,90.78455482,9.215445178,81.56910964,-0.9691096444
CA14,34,76.9,18.2,74.2,23.6,58.7,50.6,8.1,80.86312651,19.13687349,61.72625302,-3.026253024
CA15,35,69.9,24.2,68,29.8,45.7,38.2,7.5,73.76679532,26.23320468,47.53359064,-1.833590642
CA16,36,58,36.4,58.6,39.4,21.6,19.2,2.4,58.03484246,41.96515754,16.06968492,5.530315083
CA17,37,73.9,20.5,71.9,25.5,53.4,46.4,7,100,0,100,-46.6
CA18,38,73.4,20.2,68.2,28.9,53.2,39.3,13.9,71.14500046,28.85499954,42.29000093,10.90999907
CA19,39,72.9,21.5,71.2,26.5,51.4,44.7,6.7,73.94443247,26.05556753,47.88886494,3.511135063
CA20,40,70.4,23.2,70.9,26.2,47.2,44.7,2.5,70.75307575,29.24692425,41.50615151,5.693848493
CA21,41,55.2,39.7,54.6,43.5,15.5,11.1,4.4,43.26173645,56.73826355,-13.4765271,28.9765271
CA22,42,42.6,52.1,41.6,56.6,-9.5,-15,5.5,32.43490548,67.56509452,-35.13018905,25.63018905
CA23,43,36.1,58.1,36.1,61.5,-22,-25.4,3.4,30.82488907,69.17511093,-38.35022187,16.35022187
CA24,44,56.7,36.5,54.1,43.1,20.2,11,9.2,53.41908666,46.58091334,6.838173313,13.36182669
CA25,45,50.3,43.6,47.8,49.7,6.7,-1.9,8.6,46.86993847,53.13006153,-6.260123066,12.96012307
CA26,46,57.9,36,54,43.7,21.9,10.3,11.6,60.37951246,39.62048754,20.75902493,1.140975074
CA27,47,66,28.4,62.6,35,37.6,27.6,10,67.42036133,32.57963867,34.84072265,2.759277347
CA28,48,72.1,22.3,70.3,26.5,49.8,43.8,6,77.98667944,22.01332056,55.97335887,-6.173358875
CA29,49,77.7,16.8,77,20.5,60.9,56.5,4.4,100,0,100,-39.1
CA30,50,69.1,25.7,65.3,32.1,43.4,33.2,10.2,72.63839153,27.36160847,45.27678306,-1.87678306
CA31,51,57.7,36.6,57.2,40.6,21.1,16.6,4.5,56.06753853,43.93246147,12.13507706,8.96492294
CA32,52,66.6,27.7,65.2,32.5,38.9,32.7,6.2,100,0,100,-61.1
CA33,53,67.8,26.5,60.6,36.8,41.3,23.8,17.5,66.4398475,33.5601525,32.87969499,8.42030501
CA34,54,83.6,10.7,83,14.1,72.9,68.9,4,100,0,100,-27.1
CA35,55,67.7,26.9,67.4,30.6,40.8,36.8,4,72.39091233,27.60908767,44.78182465,-3.981824654
CA36,56,52.2,43.4,50.7,47.5,8.8,3.2,5.6,62.05393415,37.94606585,24.1078683,-15.3078683
CA37,57,85.7,9.6,84.9,12.7,76.1,72.2,3.9,100,0,100,-23.9
CA38,58,67,27.4,64.9,33,39.6,31.9,7.7,70.47829946,29.52170054,40.95659891,-1.356598913
CA39,59,51.5,42.9,47.1,50.8,8.6,-3.7,12.3,42.76957063,57.23042937,-14.46085874,23.06085874
CA40,60,82.2,12.8,81.5,16.5,69.4,65,4.4,71.3704897,0,71.3704897,-1.970489695
CA41,61,61,33.1,61.5,36.3,27.9,25.2,2.7,64.95137414,35.04862586,29.90274829,-2.002748286
CA42,62,41.4,53.4,41.4,56.5,-12,-15.1,3.1,41.17788197,58.82211803,-17.64423606,5.644236064
CA43,63,78.4,16.7,78,20,61.7,58,3.7,76.08420343,23.91579657,52.16840686,9.531593141
CA44,64,83,12.3,84.7,13.6,70.7,71.1,-0.4,100,0,100,-29.3
CA45,65,49.8,44.4,43,54.8,5.4,-11.8,17.2,41.44024833,58.55975167,-17.11950335,22.51950335
CA46,66,66.3,27.9,61.4,36.2,38.4,25.2,13.2,100,0,100,-61.6
CA47,67,62.6,31,60,37.5,31.6,22.5,9.1,63.72144539,36.27855461,27.44289079,4.157109212
CA48,68,47.9,46.2,43,54.7,1.7,-11.7,13.4,41.68026474,58.31973526,-16.63947052,18.33947052
CA49,69,50.7,43.2,45.7,52.4,7.5,-6.7,14.2,49.73867905,50.26132095,-0.5226419049,8.022641905
CA50,70,39.6,54.6,37.6,60.4,-15,-22.8,7.8,36.54873529,63.45126471,-26.90252942,11.90252942
CA51,71,71.8,22.8,69.4,28.9,49,40.5,8.5,72.75415489,27.24584511,45.50830978,3.491690223
CA52,72,58.1,35.6,52.1,45.7,22.5,6.4,16.1,56.52568485,43.47431515,13.05136969,9.448630308
CA53,73,64.5,29.6,61.4,36.4,34.9,25,9.9,67.0092539,32.9907461,34.01850779,0.8814922076
CO1,74,69,23.2,69,28.8,45.8,40.2,5.6,67.87059804,27.70976899,40.16082905,5.639170949
CO2,75,56.2,34.9,57.9,39.5,21.3,18.4,2.9,56.89223112,37.17396438,19.71826674,1.581733259
CO3,76,40,52,45.8,51.8,-12,-6,-6,40.34734532,54.59887658,-14.25153127,2.251531266
CO4,77,34.3,57.4,39.2,58.5,-23.1,-19.3,-3.8,31.65851148,63.54004235,-31.88153087,8.781530871
CO5,78,33.2,57.2,38.3,59.1,-24,-20.8,-3.2,30.85032031,62.2788286,-31.42850829,7.428508286
CO6,79,50.2,41.3,51.6,46.5,8.9,5.1,3.8,42.60487704,50.90790267,-8.303025634,17.20302563
CO7,80,51.4,39.4,56.1,41.3,12,14.8,-2.8,55.18024364,39.79613823,15.38410541,-3.384105411
CT1,81,59.4,36.3,63.3,35.6,23.1,27.7,-4.6,64.13230007,33.76975314,30.36254694,-7.262546936
CT2,82,48.7,45.8,55.9,42.6,2.9,13.3,-10.4,63.22893989,33.65530481,29.57363508,-26.67363508
CT3,83,55.9,40.4,62.6,36.3,15.5,26.3,-10.8,69.0324812,30.96073101,38.07175018,-22.57175018
CT4,84,59.6,36.6,55.1,44,23,11.1,11.9,59.90017223,40.09823308,19.80193915,3.198060853
CT5,85,49.9,45.8,53.5,45.3,4.1,8.2,-4.1,57.99496574,41.99565164,15.9993141,-11.8993141
DE0,86,53.4,41.9,58.6,40,11.5,18.6,-7.1,55.52652413,40.96386974,14.56265439,-3.062654386
FL1,87,28.2,67.5,30.1,68.5,-39.3,-38.4,-0.9,30.90014248,69.09985752,-38.19971505,-1.100284951
FL2,88,30.6,66.2,34,64.6,-35.6,-30.6,-5,29.93953903,67.32340795,-37.38386892,1.78386892
FL3,89,40.2,56.2,41.9,56.6,-16,-14.7,-1.3,39.7834841,56.56346659,-16.77998249,0.779982492
FL4,90,34.1,62.1,32.8,66.1,-28,-33.3,5.3,27.60519648,70.1820037,-42.57680722,14.57680722
FL5,91,61.3,35.9,63.6,35.4,25.4,28.2,-2.8,64.23430205,35.76569795,28.46860411,-3.068604106
FL6,92,39.9,56.9,46.6,52.2,-17,-5.6,-11.4,41.43264668,58.56735332,-17.13470664,0.1347066407
FL7,93,51.4,44.1,49.4,49.4,7.3,0,7.3,51.47361129,48.51705758,2.956553703,4.343446297
FL8,94,37.7,58.4,42.1,56.6,-20.7,-14.5,-6.2,32.54984497,63.10998794,-30.56014297,9.860142974
FL9,95,54.8,41.9,55.6,43.4,12.9,12.2,0.7,57.48482021,42.51517979,14.96964042,-2.069640424
FL10,96,61.8,34.9,60.7,38.4,26.9,22.3,4.6,64.86867175,35.13132825,29.7373435,-2.837343499
FL11,97,32.5,64.8,39.8,59.2,-32.3,-19.4,-12.9,31.59538811,65.36700792,-33.77161981,1.471619811
FL12,98,38.8,57.4,45.5,53,-18.6,-7.5,-11.1,31.40917956,68.59082044,-37.18164087,18.58164087
FL13,99,49.6,46.4,54.6,43.9,3.2,10.7,-7.5,51.90309182,48.09690818,3.806183643,-0.6061836433
FL14,100,57.2,39,57.6,41.2,18.2,16.4,1.8,61.78706564,38.21293436,23.57413129,-5.374131288
FL15,101,43.1,53.1,46.6,52.2,-10,-5.6,-4.4,42.53879438,57.46120562,-14.92241125,4.922411249
FL16,102,43,53.7,45.1,53.7,-10.7,-8.6,-2.1,40.23207123,59.76792877,-19.53585754,8.835857544
FL17,103,35,62.2,41.3,57.6,-27.2,-16.3,-10.9,34.24344873,61.81383332,-27.57038459,0.370384587
FL18,104,44.1,53.3,47.7,51.4,-9.2,-3.7,-5.5,43.07269138,53.59892317,-10.52623178,1.326231785
FL19,105,37.5,59.6,38.7,60.5,-22.1,-21.8,-0.3,34.09239852,65.87208054,-31.77968202,9.679682019
FL20,106,80.2,18.1,82.5,17.1,62.1,65.4,-3.3,80.31200461,19.68799539,60.62400922,1.475990777
FL21,107,58.6,39.1,60.4,38.9,19.5,21.5,-2,62.70629814,35.14489625,27.56140189,-8.061401889
FL22,108,56.8,41,56.3,43,15.8,13.3,2.5,58.93532633,41.06467367,17.87065266,-2.070652657
FL23,109,61.9,35.8,61.4,38,26.1,23.4,2.7,56.70493934,40.4858876,16.21905175,9.880948255
FL24,110,83,15.3,85.7,13.9,67.7,71.8,-4.1,100,0,100,-32.3
FL25,111,47.9,49.6,44.9,54.5,-1.7,-9.6,7.9,37.63978834,62.36021166,-24.72042331,23.02042331
FL26,112,56.7,40.6,55.4,43.9,16.1,11.5,4.6,41.16781088,52.95000392,-11.78219304,27.88219304
FL27,113,58.6,38.9,53,46.3,19.7,6.7,13,45.10614335,54.89385665,-9.787713303,29.4877133
GA1,114,40.9,56.4,43,55.9,-15.5,-12.9,-2.6,0,100,-100,84.5
GA2,115,55,43.3,58.6,40.8,11.7,17.8,-6.1,61.22984843,38.77015157,22.45969687,-10.75969687
GA3,116,32.8,64.3,33,65.9,-31.5,-32.9,1.4,31.65340203,68.34659797,-36.69319595,5.193195948
GA4,117,75.3,22.2,73.6,25.6,53.1,48,5.1,75.71945972,24.28054028,51.43891944,1.661080557
GA5,118,85,11.9,83.1,15.8,73.1,67.3,5.8,84.43914303,15.56085697,68.87828607,4.22171393
GA6,119,46.8,48.3,37.5,60.8,-1.5,-23.3,21.8,38.31751047,61.68248953,-23.36497906,21.86497906
GA7,120,44.8,51.1,38.3,60.2,-6.3,-21.9,15.6,39.61831558,60.38168442,-20.76336884,14.46336884
GA8,121,34.4,63.3,37.5,61.6,-28.9,-24.1,-4.8,32.35708065,67.64291935,-35.2858387,6.385838699
GA9,122,19.3,77.8,20.5,78.1,-58.5,-57.6,-0.9,0,100,-100,41.5
GA10,123,35.8,61.3,36.3,62.5,-25.5,-26.2,0.7,0,100,-100,74.5
GA11,124,35.3,60.3,31.5,66.9,-25,-35.4,10.4,32.59422612,67.40577388,-34.81154776,9.811547764
GA12,125,40.7,56.9,43.6,55.4,-16.2,-11.8,-4.4,38.3991472,61.6008528,-23.2017056,7.001705599
GA13,126,71,26.6,69.2,30,44.4,39.2,5.2,100,0,100,-55.6
GA14,127,22.1,75,25.3,73.2,-52.9,-47.9,-5,0,100,-100,47.1
HI1,128,63.1,30.5,69.7,29,32.6,40.7,-8.1,71.86161092,22.71134678,49.15026414,-16.55026414
HI2,129,61.4,29.6,71.4,26.7,31.8,44.7,-12.9,81.15677668,18.84322332,62.31355336,-30.51355336
ID1,130,25.4,63.7,32.2,64.9,-38.3,-32.7,-5.6,31.81364093,68.17144449,-36.35780356,-1.942196439
ID2,131,29.8,54.5,33.1,64.1,-24.7,-31,6.3,29.40806837,62.9272584,-33.51919004,8.819190037
IL1,132,75.4,21.4,79,20.2,54,58.8,-4.8,74.09469958,25.90276766,48.19193192,5.80806808
IL2,133,78,19.1,80.7,18.5,58.9,62.2,-3.3,79.80762048,20.19237952,59.61524097,-0.7152409667
IL3,134,55.2,39.9,55.9,42.6,15.3,13.3,2,99.9596293,0,99.9596293,-84.6596293
IL4,135,82.1,13.2,80.9,17.1,68.9,63.8,5.1,100,0,100,-31.1
IL5,136,70.5,23.9,66,31.8,46.6,34.2,12.4,67.84370976,27.48339305,40.36031671,6.239683288
IL6,137,50.2,43.2,45.1,53.3,7,-8.2,15.2,40.77598496,59.22401504,-18.44803008,25.44803008
IL7,138,87.4,9.2,87.2,11.8,78.2,75.4,2.8,84.23954334,15.76045666,68.47908669,9.720913314
IL8,139,58.1,36.4,57.4,40.9,21.7,16.5,5.2,58.31492813,41.68507187,16.62985626,5.070143742
IL9,140,70.1,24.9,65,33.3,45.2,31.7,13.5,66.46500361,33.50685736,32.95814625,12.24185375
IL10,141,62,32.6,57.5,41.1,29.4,16.4,13,52.60038602,47.39052294,5.209863075,24.19013692
IL11,142,58.9,35.4,57.8,40.6,23.5,17.2,6.3,60.44786681,39.55213319,20.89573362,2.604266383
IL12,143,40.2,55,49.7,48.2,-14.8,1.5,-16.3,39.69495403,54.30508431,-14.61013029,-0.1898697133
IL13,144,44.2,49.7,48.6,48.9,-5.5,-0.3,-5.2,40.33505728,59.66494272,-19.32988543,13.82988543
IL14,145,44.8,48.7,44.2,54.2,-3.9,-10,6.1,40.69512595,59.30487405,-18.60974809,14.70974809
IL15,146,24.5,70.7,34.1,63.9,-46.2,-29.8,-16.4,0,100,-100,53.8
IL16,147,38.3,55.5,45.2,52.9,-17.2,-7.7,-9.5,0,99.94958688,-99.94958688,82.74958688
IL17,148,46.7,47.4,57.6,40.6,-0.7,17,-17.7,60.30801065,39.69198935,20.61602129,-21.31602129
IL18,149,33.3,60.6,37.4,60.7,-27.3,-23.3,-4,27.86488253,72.13310182,-44.26821929,16.96821929
IN1,150,54.1,41.5,61.2,37.4,12.6,23.8,-11.2,81.51172702,0,81.51172702,-68.91172702
IN2,151,36.1,59.3,42.1,56.1,-23.2,-14,-9.2,36.92028685,59.25756336,-22.33727651,-0.8627234935
IN3,152,30.1,65.1,35.7,62.5,-35,-26.8,-8.2,22.98474832,70.11248159,-47.12773327,12.12773327
IN4,153,30.2,64.3,36.9,60.9,-34.1,-24,-10.1,30.47616503,64.59253124,-34.11636621,0.01636621092
IN5,154,41.3,53.1,40.7,57.5,-11.8,-16.8,5,34.29437745,61.46094951,-27.16657206,15.36657206
IN6,155,27.4,67.7,37.3,60.4,-40.3,-23.1,-17.2,26.70006917,69.13980127,-42.43973211,2.139732105
IN7,156,59,36.2,62.9,35.4,22.8,27.5,-4.7,59.97619677,35.68821551,24.28798126,-1.48798126
IN8,157,30.9,64.6,39.6,58.4,-33.7,-18.8,-14.9,31.67691958,63.68975919,-32.01283961,-1.68716039
IN9,158,34.2,61.1,40.7,57.2,-26.9,-16.5,-10.4,40.46146269,54.14117698,-13.67971429,-13.22028571
IA1,159,45.2,48.7,56.2,42.5,-3.5,13.7,-17.2,46.08145422,53.74424966,-7.66279544,4.16279544
IA2,160,45,49.1,55.8,42.7,-4.1,13.1,-17.2,53.6631967,46.19411294,7.469083755,-11.56908375
IA3,161,45,48.5,51.4,47.2,-3.5,4.2,-7.7,39.71487649,53.44733491,-13.73245842,10.23245842
IA4,162,33.5,60.9,45.3,53.4,-27.4,-8.1,-19.3,38.61972295,61.23254263,-22.61281967,-4.787180325
KS1,163,24.3,69.3,27.6,70.1,-45,-42.5,-2.5,0,65.89577898,-65.89577898,20.89577898
KS2,164,37.4,55.8,42,55.6,-18.4,-13.6,-4.8,32.56209629,60.93725307,-28.37515677,9.975156775
KS3,165,47.2,46,44.3,53.8,1.2,-9.5,10.7,40.59886976,51.30146628,-10.70259652,11.90259652
KS4,166,33,60.2,36.1,61.6,-27.2,-25.5,-1.7,29.60752186,60.67116922,-31.06364736,3.863647362
KY1,167,23.9,72.4,32.1,66.4,-48.5,-34.3,-14.2,27.3276678,72.56129578,-45.23362798,-3.266372019
KY2,168,27.6,67.5,35.1,63.3,-39.9,-28.2,-11.7,0,100,-100,60.1
KY3,169,54.9,39.9,55.7,42.8,15,12.9,2.1,63.4991958,36.5008042,26.9983916,-11.9983916
KY4,170,29.3,65.2,34.8,63.4,-35.9,-28.6,-7.3,28.67949035,71.32050965,-42.64101931,6.741019309
KY5,171,17.5,79.6,23.2,75,-62.1,-51.8,-10.3,0,100,-100,37.9
KY6,172,39.4,54.7,42.2,55.8,-15.3,-13.6,-1.7,38.9109716,61.0890284,-22.17805681,6.878056809
LA1,173,26.7,68.7,26.9,70.9,-42,-44,2,19.51877058,74.55751129,-55.03874071,13.03874071
LA2,174,74.6,22.2,75.8,22.8,52.4,53,-0.6,100,0,100,-47.6
LA3,175,29.2,67.3,32.3,66.1,-38.1,-33.8,-4.3,17.54229936,80.70799553,-63.16569617,25.06569617
LA4,176,36.6,60.6,39.7,59,-24,-19.3,-4.7,28.18084865,69.84632061,-41.66547197,17.66547197
LA5,177,34.1,63.5,37.7,61,-29.4,-23.3,-6.1,0,100,-100,70.6
LA6,178,31,64.8,32,66.1,-33.8,-34.1,0.3,23.92101432,72.81076902,-48.88975469,15.08975469
ME1,179,54.1,39.3,59.6,38.2,14.8,21.4,-6.6,57.9896073,41.94005469,16.04955261,-1.249552615
ME2,180,41.1,51.4,52.9,44.4,-10.3,8.5,-18.8,45.16998265,54.76641405,-9.596431401,-0.7035685993
MD1,181,33.5,61.9,37.8,60.3,-28.4,-22.5,-5.9,28.61719374,66.99144152,-38.37424778,9.974247784
MD2,182,60.2,35.6,62.9,35.1,24.6,27.8,-3.2,62.09868166,33.14495282,28.95372884,-4.353728835
MD3,183,62.9,32.1,60.6,37.2,30.8,23.4,7.4,63.18981379,33.87002282,29.31979098,1.480209023
MD4,184,77.7,19.2,78.3,20.7,58.5,57.6,0.9,74.06861063,21.41587401,52.65273663,5.847263371
MD5,185,63.6,32.6,66.2,32.3,31,33.9,-2.9,67.3782838,29.3735477,38.0047361,-7.004736104
MD6,186,55.8,39.7,55.4,42.6,16.1,12.8,3.3,55.95937019,40.08789871,15.87147148,0.2285285249
MD7,187,75.5,20.5,76,22.5,55,53.5,1.5,74.89150612,21.81040538,53.08110074,1.918899257
MD8,188,64.6,30.9,62,36.1,33.7,25.9,7.8,60.56614442,34.21432571,26.35181871,7.348181289
MA1,189,57.2,36.5,64,34.3,20.7,29.7,-9,73.33573843,0,73.33573843,-52.63573843
MA2,190,56.2,36.8,58.7,39.2,19.4,19.5,-0.1,98.24400612,0,98.24400612,-78.84400612
MA3,191,58.2,35.4,56.9,41.4,22.8,15.5,7.3,68.69370154,31.20182709,37.49187445,-14.69187445
MA4,192,59.2,35,57.1,41.3,24.2,15.8,8.4,70.09859894,29.81306021,40.28553873,-16.08553873
MA5,193,69.3,25.7,65.2,33.1,43.6,32.1,11.5,98.55041459,0,98.55041459,-54.95041459
MA6,194,56.1,38.2,54.7,43.9,17.9,10.8,7.1,98.36589132,0,98.36589132,-80.46589132
MA7,195,84.1,11.9,82.5,15.6,72.2,66.9,5.3,98.61547384,0,98.61547384,-26.41547384
MA8,196,60.4,34.4,57.8,40.8,26,17,9,72.41366411,27.45220632,44.96145779,-18.96145779
MA9,197,52.5,41.8,55.5,43.1,10.7,12.4,-1.7,55.74961503,33.64166414,22.10795088,-11.40795088
MI1,198,36.6,57.9,45.3,53.6,-21.3,-8.3,-13,40.06261953,54.89673052,-14.83411099,-6.465889011
MI2,199,38.2,55.8,43.1,56,-17.6,-12.9,-4.7,32.53224019,62.62613165,-30.09389146,12.49389146
MI3,200,42.2,51.6,45.8,53.1,-9.4,-7.3,-2.1,37.50383363,59.45263096,-21.94879734,12.54879734
MI4,201,34.7,59.5,45.5,53.5,-24.8,-8,-16.8,32.0749578,61.62197428,-29.54701648,4.747016478
MI5,202,49.7,45.5,60.7,38.3,4.2,22.4,-18.2,61.16019556,35.10966485,26.05053071,-21.85053071
MI6,203,42.9,51.3,48.8,50.2,-8.4,-1.4,-7,36.40700102,58.63900083,-22.23199981,13.83199981
MI7,204,38.7,55.7,47.9,51,-17,-3.1,-13.9,40.02604486,55.05291108,-15.02686622,-1.973133776
MI8,205,43.9,50.6,48,51.1,-6.7,-3.1,-3.6,39.18352554,56.03458612,-16.85106058,10.15106058
MI9,206,51.5,43.7,57.2,41.9,7.8,15.3,-7.5,57.91052135,37.39743311,20.51308825,-12.71308825
MI10,207,31.6,63.8,43.7,55.3,-32.2,-11.6,-20.6,32.29251898,63.09170838,-30.7991894,-1.400810598
MI11,208,45.3,49.7,46.9,52.3,-4.4,-5.4,1,40.17544692,52.93237204,-12.75692512,8.35692512
MI12,209,60.8,34.5,66.2,32.8,26.3,33.4,-7.1,64.33819725,29.25166341,35.08653384,-8.786533837
MI13,210,78.8,18.1,85.2,14.3,60.7,70.9,-10.2,77.10369011,15.7259394,61.37775071,-0.6777507108
MI14,211,79.2,18.3,81,18.6,60.9,62.4,-1.5,78.50656325,18.68419868,59.82236457,1.077635429
MN1,212,38.4,53.3,49.6,48.2,-14.9,1.4,-16.3,50.33807019,49.57945915,0.7586110392,-15.65861104
MN2,213,45.3,46.5,49.1,49,-1.2,0.1,-1.3,45.15753791,46.95369136,-1.796153452,0.5961534517
MN3,214,50.8,41.4,49.6,48.8,9.4,0.8,8.6,43.01359209,56.69565704,-13.68206494,23.08206494
MN4,215,61.5,30.6,62.5,35.5,30.9,27,3.9,57.76458755,34.38956198,23.37502557,7.524974428
MN5,216,73.7,18.5,73.5,24,55.2,49.5,5.7,69.07334435,22.28903344,46.78431091,8.415689092
MN6,217,33.2,58.9,41.5,56.5,-25.7,-15,-10.7,34.27132206,65.5793427,-31.30802064,5.608020639
MN7,218,31,61.8,44.1,53.9,-30.8,-9.8,-21,52.46790067,47.43930748,5.028593191,-35.82859319
MN8,219,38.6,54.2,51.7,46.2,-15.6,5.5,-21.1,50.17045821,49.60768,0.5627782026,-16.1627782
MS1,220,32.4,65.4,37,61.9,-33,-24.9,-8.1,27.9429338,68.72143611,-40.77850231,7.778502312
MS2,221,63.6,35.1,66.4,33,28.5,33.4,-4.9,67.10591503,29.1466929,37.95922212,-9.459222122
MS3,222,36.8,61.3,39.1,60,-24.5,-20.9,-3.6,30.36894247,66.2010776,-35.83213513,11.33213513
MS4,223,28.2,69.4,31.2,67.6,-41.2,-36.4,-4.8,27.80159194,65.04184318,-37.24025124,-3.959748762
MO1,224,77,18.8,79.9,18.9,58.2,61,-2.8,75.46970932,19.97108501,55.49862431,2.701375691
MO2,225,42.3,52.6,41.4,57.1,-10.3,-15.7,5.4,37.67009601,58.54254578,-20.87244977,10.57244977
MO3,226,28.1,67.1,36.1,62,-39,-25.9,-13.1,27.93423342,67.83671297,-39.90247955,0.9024795498
MO4,227,29.3,65.3,36.4,61.2,-36,-24.8,-11.2,27.84483226,67.82809706,-39.98326481,3.983264807
MO5,228,54.1,40.6,58.9,39.4,13.5,19.5,-6,58.82937059,38.16911833,20.66025226,-7.160252259
MO6,229,31.7,63.1,37.9,60,-31.4,-22.1,-9.3,28.44734109,68.02456313,-39.57722204,8.177222038
MO7,230,24.7,70.4,30.3,67.6,-45.7,-37.3,-8.4,27.39340888,67.53906446,-40.14565558,-5.554344417
MO8,231,21,75.4,32,65.9,-54.4,-33.9,-20.5,22.66609685,74.39740215,-51.7313053,-2.668694698
MT0,232,35.9,56.5,41.7,55.4,-20.6,-13.7,-6.9,40.54872586,56.19152828,-15.64280243,-4.957197572
NE1,233,36.2,57.5,40.8,57.4,-21.3,-16.6,-4.7,30.54736164,69.45263836,-38.90527672,17.60527672
NE2,234,46,48.2,45.7,52.9,-2.2,-7.2,5,47.72743039,48.92892323,-1.201492848,-0.9985071521
NE3,235,20,74.9,27.8,70.2,-54.9,-42.4,-12.5,0,100,-100,45.1
NV1,236,61.6,32.6,65.6,32.4,29,33.2,-4.2,61.87192066,28.76210499,33.10981566,-4.109815664
NV2,237,39.7,52,44.8,52.9,-12.3,-8.1,-4.2,36.93223887,58.30035489,-21.36811602,9.068116016
NV3,238,46.5,47.5,49.5,48.7,-1,0.8,-1.8,47.23037789,45.96238138,1.267996514,-2.267996514
NV4,239,49.5,44.6,54.4,43.7,4.9,10.7,-5.8,48.51869127,44.50997946,4.008711811,0.8912881894
NH1,240,46.6,48.2,50.2,48.6,-1.6,1.6,-3.2,45.78513005,44.42228201,1.362848033,-2.962848033
NH2,241,48.6,46.2,54.2,44.5,2.4,9.7,-7.3,49.79768068,45.39263084,4.405049845,-2.005049845
NJ1,242,60.6,36.1,65.1,33.8,24.5,31.3,-6.8,59.98271533,36.79146766,23.19124767,1.308752328
NJ2,243,46,50.6,53.5,45.4,-4.6,8.1,-12.7,37.21956379,59.21456035,-21.99499656,17.39499656
NJ3,244,45.2,51.4,51.8,47.2,-6.2,4.6,-10.8,38.87276718,59.31719807,-20.4444309,14.2444309
NJ4,245,41,55.8,44.7,54.2,-14.8,-9.5,-5.3,33.52490652,63.72172993,-30.19682341,15.39682341
NJ5,246,47.7,48.8,47.9,51,-1.1,-3.1,2,51.10645216,46.6951534,4.411298752,-5.511298752
NJ6,247,56.2,40.6,61.4,37.4,15.6,24,-8.4,63.73298916,34.88830262,28.84468655,-13.24468655
NJ7,248,48.6,47.5,46.3,52.5,1.1,-6.2,7.3,43.12366319,54.08354795,-10.95988476,12.05988476
NJ8,249,75.7,21.5,78.3,20.7,54.2,57.6,-3.4,77.03915055,18.49001367,58.54913688,-4.349136881
NJ9,250,64.3,33.1,68.3,30.8,31.2,37.5,-6.3,69.73100899,28.02925717,41.70175183,-10.50175183
NJ10,251,85.2,12.8,87.9,11.5,72.4,76.4,-4,85.67362897,11.87317918,73.80044979,-1.400449789
NJ11,252,47.9,48.8,46.6,52.4,-0.9,-5.8,4.9,38.85525624,58.00108659,-19.14583035,18.24583035
NJ12,253,65,31.8,66.5,32.4,33.2,34.1,-0.9,62.85815254,32.01528579,30.84286674,2.357133255
NM1,254,51.6,35.1,55.3,39.6,16.5,15.7,0.8,65.14730166,34.85269834,30.29460332,-13.79460332
NM2,255,39.9,50.1,44.9,51.7,-10.2,-6.8,-3.4,37.2496318,62.72108665,-25.47145486,15.27145486
NM3,256,51.8,36.7,57.5,38.7,15.1,18.8,-3.7,62.41704531,37.58295469,24.83409063,-9.734090626
NY1,257,42.2,54.5,49.6,49.1,-12.3,0.5,-12.8,41.03863247,58.93209796,-17.89346548,5.593465484
NY2,258,43.9,53,51.6,47.2,-9.1,4.4,-13.5,37.50852061,62.44080185,-24.93228124,15.83228124
NY3,259,51.6,45.5,50.8,48.2,6.1,2.6,3.5,52.766273,47.18321033,5.58306267,0.5169373302
NY4,260,53.4,43.8,56.3,42.8,9.6,13.5,-3.9,59.52218035,40.43348785,19.0886925,-9.488692501
NY5,261,85.7,12.7,90.6,9.1,73,81.5,-8.5,85.44989744,12.95630987,72.49358758,0.5064124249
NY6,262,65.1,32.1,67.8,31,33,36.8,-3.8,72.06030628,26.72026521,45.34004107,-12.34004107
NY7,263,86.9,10.4,88.4,10.3,76.5,78.1,-1.6,90.65607095,9.203846478,81.45222447,-4.952224469
NY8,264,84.6,13.5,89.2,10.2,71.1,79,-7.9,93.21989722,0,93.21989722,-22.11989722
NY9,265,83.5,14.4,85.2,13.9,69.1,71.3,-2.2,92.28545331,0,92.28545331,-23.18545331
NY10,266,78.3,18.8,73.6,25.1,59.5,48.5,11,78.02985996,21.85316957,56.17669039,3.323309614
NY11,267,43.8,53.6,51.6,47.3,-9.8,4.3,-14.1,36.69856274,61.5254157,-24.82685296,15.02685296
NY12,268,83.3,13.5,76.9,21.5,69.8,55.4,14.4,83.10102158,16.79382559,66.30719599,3.492804007
NY13,269,92.3,5.4,94.6,4.6,86.9,90,-3.1,88.64042206,6.887175029,81.75324703,5.146752969
NY14,270,77.7,19.8,80.7,18.3,57.9,62.4,-4.5,82.76386108,17.12902991,65.63483118,-7.734831177
NY15,271,93.8,4.9,96.7,3,88.9,93.7,-4.8,95.20329127,3.521685169,91.6816061,-2.781606104
NY16,272,75.1,22.5,73.7,25.5,52.6,48.2,4.4,94.43234487,0,94.43234487,-41.83234487
NY17,273,58.6,38.4,57.1,41.9,20.2,15.2,5,99.05118083,0,99.05118083,-78.85118083
NY18,274,47.1,49,51.4,47.1,-1.9,4.3,-6.2,55.59004826,44.37633564,11.21371262,-13.11371262
NY19,275,44,50.8,52.1,45.9,-6.8,6.2,-13,45.68013375,54.23693114,-8.556797388,1.756797388
NY20,276,54,40.5,59.2,38.8,13.5,20.4,-6.9,67.85361627,32.08809271,35.76552357,-22.26552357
NY21,277,40,53.9,52.2,46.1,-13.9,6.1,-20,30.13910185,65.25388289,-35.11478104,21.21478104
NY22,278,39.3,54.8,48.8,49.2,-15.5,-0.4,-15.1,41.02451792,46.47382159,-5.449303668,-10.05069633
NY23,279,39.7,54.5,48.4,49.6,-14.8,-1.2,-13.6,42.39154914,57.57234526,-15.18079611,0.3807961106
NY24,280,48.9,45.3,57,41.1,3.6,15.9,-12.3,39.40221439,60.49385168,-21.09163729,24.69163729
NY25,281,55.5,39.1,58.8,39.4,16.4,19.4,-3,56.14873968,43.78036467,12.36837502,4.031624984
NY26,282,57.6,38,63.9,34.3,19.6,29.6,-10,74.57729866,25.41819807,49.15910059,-29.55910059
NY27,283,35.2,59.7,42.9,55.3,-24.5,-12.4,-12.1,32.79472277,67.17729746,-34.38257469,9.882574686
NC1,284,67.5,30.5,68.6,31.4,37,37.2,-0.2,68.62323531,28.961303,39.66193231,-2.661932312
NC2,285,43.6,53.2,43.5,56.5,-9.6,-13,3.4,43.29141991,56.70858009,-13.41716018,3.81716018
NC3,286,36.9,60.5,41,59,-23.6,-18,-5.6,32.79878653,67.20121347,-34.40242693,10.80242693
NC4,287,68.2,28.2,65.4,34.6,40,30.8,9.2,68.21783411,31.78216589,36.43566822,3.564331776
NC5,288,39.8,57.4,42.8,57.2,-17.6,-14.4,-3.2,41.59831454,58.40168546,-16.80337091,-0.7966290871
NC6,289,41.4,56.1,43.6,56.4,-14.7,-12.8,-1.9,40.77089563,59.22910437,-18.45820874,3.758208743
NC7,290,39.9,57.6,43.6,56.4,-17.7,-12.8,-4.9,39.086182,60.913818,-21.82763599,4.127635991
NC8,291,41.1,56.1,44.8,55.2,-15,-10.4,-4.6,41.22707363,58.77292637,-17.54585274,2.545852745
NC9,292,42.8,54.4,44.2,55.8,-11.6,-11.6,0,41.81772248,58.18227752,-16.36455504,4.764555043
NC10,293,36.4,61,40.9,59.1,-24.6,-18.2,-6.4,36.86096116,63.13903884,-26.27807768,1.67807768
NC11,294,34,63.2,39.6,60.4,-29.2,-20.8,-8.4,35.91102284,64.08897716,-28.17795432,-1.022045685
NC12,295,68.4,28.4,68.4,31.6,40,36.8,3.2,67.0240481,32.9759519,34.04809619,5.951903808
NC13,296,44,53.4,46.6,53.4,-9.4,-6.8,-2.6,43.89662777,56.10337223,-12.20674446,2.806744456
ND0,297,27.7,64.1,38.9,58.7,-36.4,-19.8,-16.6,23.74792811,69.13097303,-45.38304492,8.983044918
OH1,298,44.6,51.2,46.3,52.4,-6.6,-6.1,-0.5,40.76913537,59.19422303,-18.42508766,11.82508766
OH2,299,39.7,55.8,43.7,54.7,-16.1,-11,-5.1,32.82424128,65.00342366,-32.17918238,16.07918238
OH3,300,67,28.6,69.7,28.9,38.4,40.8,-2.4,68.57398808,31.42601192,37.14797615,1.252023848
OH4,301,30.7,64.3,42,56,-33.6,-14,-19.6,32.01113813,67.98886187,-35.97772373,2.377723733
OH5,302,34.6,59.7,44.1,53.9,-25.1,-9.8,-15.3,29.09988956,70.90011044,-41.80022088,16.70022088
OH6,303,26.7,69.3,42.7,55.2,-42.6,-12.5,-30.1,29.32404089,70.67595911,-41.35191822,-1.248081782
OH7,304,32.8,62.5,44.2,53.7,-29.7,-9.5,-20.2,28.95723834,64.03459181,-35.07735347,5.377353474
OH8,305,30.6,65.1,36.4,61.9,-34.5,-25.5,-9,26.97154584,68.76463107,-41.79308523,7.293085227
OH9,306,58.7,36.5,67.6,30.9,22.2,36.7,-14.5,68.68533063,31.31289882,37.37243182,-15.17243182
OH10,307,44,51.3,48.2,50.1,-7.3,-1.9,-5.4,32.67389974,64.08874576,-31.41484602,24.11484602
OH11,308,80.5,17,82.8,16.5,63.5,66.3,-2.8,80.25379436,19.74620564,60.50758872,2.992411278
OH12,309,41.9,53.2,43.9,54.4,-11.3,-10.5,-0.8,29.83519365,66.55453549,-36.71934183,25.41934183
OH13,310,51.1,44.6,62.9,35.4,6.5,27.5,-21,67.72963987,32.26484072,35.46479916,-28.96479916
OH14,311,42.1,53.6,47.6,50.9,-11.5,-3.3,-8.2,37.37327597,62.57790441,-25.20462844,13.70462844
OH15,312,39.9,55.3,46.3,51.9,-15.4,-5.6,-9.8,33.83540128,66.16459872,-32.32919743,16.92919743
OH16,313,39.5,56.1,45.2,53.4,-16.6,-8.2,-8.4,34.67062473,65.32937527,-30.65875055,14.05875055
OK1,314,32.7,61.4,34.2,65.8,-28.7,-31.6,2.9,0,100,-100,71.3
OK2,315,22.8,72.9,32.2,67.8,-50.1,-35.6,-14.5,23.20340685,70.60624093,-47.40283408,-2.697165917
OK3,316,20.9,73.6,26.1,73.9,-52.7,-47.8,-4.9,21.70913408,78.29086592,-56.58173184,3.881731845
OK4,317,28.3,65.7,32.9,67.1,-37.4,-34.2,-3.2,26.08283394,69.62846492,-43.54563098,6.145630975
OK5,318,39.8,53.2,40.8,59.2,-13.4,-18.4,5,36.80828314,57.09234772,-20.28406458,6.884064583
OR1,319,57.3,34.5,57.3,40,22.8,17.3,5.5,59.61226676,36.96319708,22.64906968,0.1509303217
OR2,320,36.4,56.5,40.5,56.8,-20.1,-16.3,-3.8,28.00868837,71.69005539,-43.68136703,23.58136703
OR3,321,70.7,22.5,72,24.7,48.2,47.3,0.9,71.84082855,0,71.84082855,-23.64082855
OR4,322,46.1,46,51.7,45,0.1,6.7,-6.6,55.49440599,39.67698608,15.81741991,-15.71741991
OR5,323,48.3,44.1,50.5,47.1,4.2,3.4,0.8,53.47111292,43.0017582,10.46935472,-6.269354718
PA1,324,79.5,18.2,82.3,16.9,61.3,65.4,-4.1,82.20159861,17.79840139,64.40319722,-3.103197217
PA2,325,90.4,7.6,90.4,9,82.8,81.4,1.4,90.17713095,9.822869046,80.35426191,2.445738092
PA3,326,35,61.1,43,55.6,-26.1,-12.6,-13.5,0,100,-100,73.9
PA4,327,37.1,58.6,41.5,57.1,-21.5,-15.6,-5.9,33.94371257,66.05628743,-32.11257485,10.61257485
PA5,328,33.5,62.3,41.5,57.1,-28.8,-15.6,-13.2,32.83663545,67.16336455,-34.3267291,5.526729103
PA6,329,48.2,47.6,48.1,50.6,0.6,-2.5,3.1,42.67010326,57.32989674,-14.65979347,15.25979347
PA7,330,49.3,47,48.5,50.4,2.3,-1.9,4.2,40.53311972,59.46688028,-18.93376056,21.23376056
PA8,331,48,48.2,49.3,49.4,-0.2,-0.1,-0.1,45.54962417,54.45037583,-8.900751659,8.700751659
PA9,332,27.2,69.7,35.9,62.8,-42.5,-26.9,-15.6,36.65914145,63.34085855,-26.68171711,-15.81828289
PA10,333,30.2,66.1,38.4,60.1,-35.9,-21.7,-14.2,29.83112203,70.16887797,-40.33775593,4.437755932
PA11,334,36.2,60,44.5,53.9,-23.8,-9.4,-14.4,36.33217441,63.66782559,-27.33565119,3.535651186
PA12,335,37.9,58.7,40.9,57.8,-20.8,-16.9,-3.9,38.23815993,61.76184007,-23.52368014,2.723680137
PA13,336,65.3,31.7,66.2,32.9,33.6,33.3,0.3,100,0,100,-66.4
PA14,337,66,30.5,68,30.6,35.5,37.4,-1.9,74.36613728,25.63386272,48.73227457,-13.23227457
PA15,338,44.2,51.8,47.9,50.8,-7.6,-2.9,-4.7,38.02109816,58.38688533,-20.36578717,12.76578717
PA16,339,44.2,51,46.3,52.4,-6.8,-6.1,-0.7,42.89279192,53.75510321,-10.86231129,4.062311289
PA17,340,43.3,53.4,55.4,43.3,-10.1,12.1,-22.2,53.80401414,46.19598586,7.608028271,-17.70802827
PA18,341,38.5,58.1,41,57.9,-19.6,-16.9,-2.7,0,100,-100,80.4
RI1,342,60.5,34.9,66.2,32.2,25.6,34,-8.4,64.50232494,35.09544352,29.40688142,-3.806881421
RI2,343,51.1,44,59.8,38.3,7.1,21.5,-14.4,58.08822246,30.67929897,27.40892349,-20.30892349
SC1,344,40.4,53.5,40.2,58.3,-13.1,-18.1,5,36.83580896,58.55706246,-21.7212535,8.621253498
SC2,345,38.6,56.3,39.4,59.1,-17.7,-19.7,2,35.88637228,60.24538027,-24.35900799,6.659007987
SC3,346,29,67,33.9,64.5,-38,-30.6,-7.4,27.05832158,72.83705572,-45.77873414,7.77873414
SC4,347,34.5,60.2,36.2,62.2,-25.7,-26,0.3,31.00618933,67.1857138,-36.17952447,10.47952447
SC5,348,38.8,57.3,43.6,55.1,-18.5,-11.5,-7,38.74347084,59.21811242,-20.47464158,1.974641583
SC6,349,66.8,30.3,70.9,28.1,36.5,42.8,-6.3,70.08519068,27.6087924,42.47639828,-5.976398281
SC7,350,39.1,58,44.4,54.5,-18.9,-10.1,-8.8,38.94936486,60.96392285,-22.01455799,3.114557992
SD0,351,31.7,61.5,39.9,57.9,-29.8,-18,-11.8,35.89721412,64.10278588,-28.20557176,-1.594428242
TN1,352,19.7,76.7,25.7,72.7,-57,-47,-10,15.42298192,78.36893588,-62.94595396,5.945953957
TN2,353,29.7,65.1,30.9,67.3,-35.4,-36.4,1,24.35447347,75.64552653,-51.29105307,15.89105307
TN3,354,30.2,65.4,35.1,63.3,-35.2,-28.2,-7,28.84408622,66.39436704,-37.55028082,2.350280821
TN4,355,27.4,68.6,33.1,65.3,-41.2,-32.2,-9,34.96589353,65.03410647,-30.06821293,-11.13178707
TN5,356,56.6,38.2,55.9,42.5,18.4,13.4,5,62.5533735,37.4466265,25.10674699,-6.706746995
TN6,357,23.7,72.6,29.5,69.1,-48.9,-39.6,-9.3,21.79162712,71.08650568,-49.29487855,0.3948785546
TN7,358,28.2,67.5,32.9,65.7,-39.3,-32.8,-6.5,23.50376379,72.21535568,-48.71159189,9.411591889
TN8,359,30.7,66.3,32.8,66.1,-35.6,-33.3,-2.3,25.0855047,68.75249794,-43.66699324,8.066993241
TN9,360,77.5,19.8,78.3,20.9,57.7,57.4,0.3,78.74534885,18.86748304,59.87786582,-2.177865818
TX1,361,25.3,72.2,27.5,71.6,-46.9,-44.1,-2.8,24.1339585,73.89683152,-49.76287302,2.862873019
TX2,362,43.1,52.4,35.6,62.9,-9.3,-27.3,18,36.02373525,60.62910623,-24.60537098,15.30537098
TX3,363,40.6,54.8,34.2,64.3,-14.2,-30.1,15.9,34.57548496,61.20195787,-26.6264729,12.4264729
TX4,364,21.8,75.4,24.8,74,-53.6,-49.2,-4.4,0,87.98757209,-87.98757209,34.38757209
TX5,365,34.3,62.7,34.4,64.5,-28.4,-30.1,1.7,0,80.60609203,-80.60609203,52.20609203
TX6,366,41.9,54.2,40.8,57.9,-12.3,-17.1,4.8,39.0298431,58.34113928,-19.31129618,7.011296177
TX7,367,48.5,47.1,38.6,59.9,1.4,-21.3,22.7,43.82643338,56.17356662,-12.34713325,13.74713325
TX8,368,23.9,72.7,21.7,77,-48.8,-55.3,6.5,0,100,-100,51.2
TX9,369,79.3,18,78,21.1,61.3,56.9,4.4,80.64374108,19.35625892,61.28748216,0.01251783602
TX10,370,43.2,52.3,38.8,59.1,-9.1,-20.3,11.2,38.44209853,57.33237364,-18.89027511,9.790275112
TX11,371,19.1,77.8,19.6,79.2,-58.7,-59.6,0.9,0,89.50245624,-89.50245624,30.80245624
TX12,372,32.7,62.9,31.7,66.8,-30.2,-35.1,4.9,26.85445844,69.40006711,-42.54560867,12.34560867
TX13,373,16.9,79.9,18.5,80.2,-63,-61.7,-1.3,0,89.96935482,-89.96935482,26.96935482
TX14,374,38.4,58.2,39.5,59.3,-19.8,-19.8,0,38.14390512,61.85609488,-23.71218977,3.912189768
TX15,375,56.7,40,57.4,41.5,16.7,15.9,0.8,57.30931547,37.68164121,19.62767426,-2.92767426
TX16,376,67.9,27.2,64.2,34.5,40.7,29.7,11,85.73238448,0,85.73238448,-45.03238448
TX17,377,38.8,56.3,37.7,60.4,-17.5,-22.7,5.2,35.2434399,60.80585037,-25.56241047,8.06241047
TX18,378,76.5,20,76.1,22.8,56.5,53.3,3.2,73.49540889,23.64371439,49.8516945,6.6483055
TX19,379,23.5,72.5,25,73.6,-49,-48.6,-0.4,0,86.65143138,-86.65143138,37.65143138
TX20,380,61,34.3,58.9,39.7,26.7,19.2,7.5,79.73613117,0,79.73613117,-53.03613117
TX21,381,42.5,52.5,37.9,59.8,-10,-21.9,11.9,36.44766888,57.00823805,-20.56056916,10.56056916
TX22,382,44.2,52.1,36.7,62.1,-7.9,-25.4,17.5,40.47842693,59.52157307,-19.04314614,11.14314614
TX23,383,49.8,46.4,48.1,50.7,3.4,-2.6,6,46.96176271,48.29428079,-1.33251807,4.73251807
TX24,384,44.5,50.7,38,60.4,-6.2,-22.4,16.2,39.32338056,56.17755365,-16.85417309,10.65417309
TX25,385,40.2,55.1,37.8,59.9,-14.9,-22.1,7.2,37.74162143,58.34633587,-20.60471444,5.704714439
TX26,386,34.4,60.9,30.7,67.6,-26.5,-36.9,10.4,29.61859095,66.35639965,-36.7378087,10.2378087
TX27,387,36.5,60.1,38.2,60.5,-23.6,-22.3,-1.3,38.307312,61.692688,-23.38537601,-0.2146239917
TX28,388,58.3,38.5,60.3,38.7,19.8,21.6,-1.8,66.19208206,31.30523417,34.8868479,-15.0868479
TX29,389,71.1,25.4,65.9,33,45.7,32.9,12.8,72.47124608,23.97751208,48.49373399,-2.793733994
TX30,390,79.1,18.3,79.6,19.6,60.8,60,0.8,81.6478791,15.0929482,66.5549309,-5.754930899
TX31,391,40.8,53.5,38.3,59.6,-12.7,-21.3,8.6,36.49205167,58.35101972,-21.85896805,9.158968052
TX32,392,48.5,46.6,41.5,57,1.9,-15.5,17.4,0,71.06832889,-71.06832889,72.96832889
TX33,393,72.9,23.7,72,27.1,49.2,44.9,4.3,73.71032453,26.28967547,47.42064905,1.779350948
TX34,394,59.2,37.7,60.8,38.3,21.5,22.5,-1,62.67212103,37.32787897,25.34424207,-3.844242069
TX35,395,64.1,30.5,63,34.6,33.6,28.4,5.2,63.07041341,31.57468518,31.49572823,2.104271774
TX36,396,25.2,72,25.7,73.2,-46.8,-47.5,0.7,0,88.61208336,-88.61208336,41.81208336
UT1,397,22.4,49.7,20.4,77.4,-27.3,-57,29.7,26.44789245,65.93069146,-39.48279901,12.18279901
UT2,398,32,46,29.2,68,-14,-38.8,24.8,33.87504019,61.60286952,-27.72782933,13.72782933
UT3,399,23.3,47.2,19.5,78.3,-23.9,-58.8,34.9,26.53861657,73.46138343,-46.92276686,23.02276686
UT4,400,32.4,39.1,30.2,67.2,-6.7,-37,30.3,41.30582841,53.7558865,-12.45005809,5.750058091
VT0,401,56.7,30.3,67,31.2,26.4,35.8,-9.4,89.53049767,0,89.53049767,-63.13049767
VA1,402,41.2,53.6,43.8,56.2,-12.4,-12.4,0,36.60546904,59.85761867,-23.25214963,10.85214963
VA2,403,45.4,48.8,48.8,51.2,-3.4,-2.4,-1,38.45856624,61.33117385,-22.87260761,19.47260761
VA3,404,63.6,31.9,67.9,32.1,31.7,35.8,-4.1,66.70199142,33.06941154,33.63257988,-1.932579881
VA4,405,58.7,37.1,60.9,39.1,21.6,21.8,-0.2,57.73331487,42.03908197,15.6942329,5.905767101
VA5,406,42.3,53.4,46.2,53.8,-11.1,-7.6,-3.5,41.57995941,58.2353205,-16.65536109,5.555361087
VA6,407,34.9,59.7,39.9,60.1,-24.8,-20.2,-4.6,33.14628157,66.62677411,-33.48049254,8.68049254
VA7,408,44,50.5,44.4,55.6,-6.5,-11.2,4.7,42.24014474,57.5100946,-15.26994986,8.769949863
VA8,409,73.5,20.9,67.7,32.3,52.6,35.4,17.2,68.38630793,27.27849926,41.10780867,11.49219133
VA9,410,27.3,68.8,35.7,64.3,-41.5,-28.6,-12.9,28.31873522,68.5879464,-40.26921119,-1.230788814
VA10,411,52.2,42.2,49.2,50.8,10,-1.6,11.6,46.91826446,52.68681749,-5.768553025,15.76855303
VA11,412,66.9,27.5,62.7,37.3,39.4,25.4,14,87.87778853,0,87.87778853,-48.47778853
WA1,413,54.1,37.8,54.1,43.3,16.3,10.8,5.5,55.41502813,44.58497187,10.83005627,5.469943732
WA2,414,56.9,34.8,59.2,38,22.1,21.2,0.9,64.01625037,35.98374963,28.03250074,-5.932500738
WA3,415,42.5,49.9,47.9,49.6,-7.4,-1.7,-5.7,38.24730191,61.75269809,-23.50539618,16.10539618
WA4,416,35.1,57.9,37.9,59.7,-22.8,-21.8,-1,0,100,-100,77.2
WA5,417,39.1,52.2,43.7,53.5,-13.1,-9.8,-3.3,40.35897309,59.64102691,-19.28205382,6.182053818
WA6,418,51.8,39.5,56.1,41.2,12.3,14.9,-2.6,61.5305307,38.4694693,23.06106139,-10.76106139
WA7,419,82.1,12.2,79.2,18.1,69.9,61.1,8.8,100,0,100,-30.1
WA8,420,47.7,44.7,49.7,48.1,3,1.6,1.4,39.80490237,60.19509763,-20.39019525,23.39019525
WA9,421,70.5,23.3,68.3,29.6,47.2,38.7,8.5,72.88743152,27.11256848,45.77486305,1.425136954
WA10,422,51.3,39.9,56.3,41.1,11.4,15.2,-3.8,58.66521661,41.33478339,17.33043323,-5.930433226
WV1,423,26.4,68,35.5,62.2,-41.6,-26.7,-14.9,31.02661148,68.97338852,-37.94677705,-3.653222955
WV2,424,29.4,65.8,38,60,-36.4,-22,-14.4,41.81865512,58.18134488,-16.36268976,-20.03731024
WV3,425,23.3,72.5,32.8,65,-49.2,-32.2,-17,23.97507379,67.88194779,-43.906874,-5.293126001
WI1,426,42.3,52.6,47.4,51.6,-10.3,-4.2,-6.1,30.20593092,64.9471411,-34.74121018,24.44121018
WI2,427,65.8,29,68.3,30.5,36.8,37.8,-1,68.71753002,31.16213636,37.55539366,-0.7553936592
WI3,428,44.8,49.3,54.8,43.8,-4.5,11,-15.5,98.85969966,0,98.85969966,-103.3596997
WI4,429,74,21.8,75.3,23.8,52.2,51.5,0.7,76.74245144,0,76.74245144,-24.54245144
WI5,430,37.3,57.4,37.7,61.3,-20.1,-23.6,3.5,29.28969103,66.70333944,-37.41364841,17.31364841
WI6,431,38.8,55.7,45.8,53.1,-16.9,-7.3,-9.6,37.25597243,57.15473581,-19.89876338,2.998763379
WI7,432,37.3,57.8,47.8,50.9,-20.5,-3.1,-17.4,38.27052124,61.67151111,-23.40098987,2.900989867
WI8,433,38.6,56.2,47.6,51.3,-17.6,-3.7,-13.9,37.29781736,62.64555501,-25.34773764,7.747737644
WY0,434,22.5,70.1,27.6,68.2,-47.6,-40.6,-7,29.97346848,62.02974072,-32.05627224,-15.54372776